Symbol,Security,Market
005930,삼성전자,KOSPI
000660,SK하이닉스,KOSPI
207940,삼성바이오로직스,KOSPI
373220,LG에너지솔루션,KOSPI
012450,한화에어로스페이스,KOSPI
005380,현대차,KOSPI
035420,NAVER,KOSPI
105560,KB금융,KOSPI
005935,삼성전자우,KOSPI
329180,HD현대중공업,KOSPI
000270,기아,KOSPI
034020,두산에너빌리티,KOSPI
068270,셀트리온,KOSPI
035720,카카오,KOSPI
055550,신한지주,KOSPI
028260,삼성물산,KOSPI
042660,한화오션,KOSPI
012330,현대모비스,KOSPI
009540,HD한국조선해양,KOSPI
032830,삼성생명,KOSPI
011200,HMM,KOSPI
064350,현대로템,KOSPI
086790,하나금융지주,KOSPI
005490,POSCO홀딩스,KOSPI
402340,SK스퀘어,KOSPI
000810,삼성화재,KOSPI
138040,메리츠금융지주,KOSPI
015760,한국전력,KOSPI
259960,크래프톤,KOSPI
267260,HD현대일렉트릭,KOSPI
010130,고려아연,KOSPI
316140,우리금융지주,KOSPI
096770,SK이노베이션,KOSPI
033780,KT&G,KOSPI
323410,카카오뱅크,KOSPI
051910,LG화학,KOSPI
010140,삼성중공업,KOSPI
034730,SK,KOSPI
006400,삼성SDI,KOSPI
024110,기업은행,KOSPI
079550,LIG넥스원,KOSPI
018260,삼성에스디에스,KOSPI
030200,KT,KOSPI
352820,하이브,KOSPI
272210,한화시스템,KOSPI
003550,LG,KOSPI
066570,LG전자,KOSPI
017670,SK텔레콤,KOSPI
006800,미래에셋증권,KOSPI
377300,카카오페이,KOSPI
086280,현대글로비스,KOSPI
267250,HD현대,KOSPI
003670,포스코퓨처엠,KOSPI
000150,두산,KOSPI
009150,삼성전기,KOSPI
003230,삼양식품,KOSPI
443060,HD현대마린솔루션,KOSPI
047810,한국항공우주,KOSPI
042700,한미반도체,KOSPI
180640,한진칼,KOSPI
064400,LG씨엔에스,KOSPI
047050,포스코인터내셔널,KOSPI
090430,아모레퍼시픽,KOSPI
005830,DB손해보험,KOSPI
459580,KODEX CD금리액티브(합성),KOSPI
000720,현대건설,KOSPI
000100,유한양행,KOSPI
010120,LS ELECTRIC,KOSPI
360750,TIGER 미국S&P500,KOSPI
003490,대한항공,KOSPI
298040,효성중공업,KOSPI
010620,HD현대미포,KOSPI
071050,한국금융지주,KOSPI
326030,SK바이오팜,KOSPI
021240,코웨이,KOSPI
000880,한화,KOSPI
010950,S-Oil,KOSPI
069500,KODEX 200,KOSPI
488770,KODEX 머니마켓액티브,KOSPI
005940,NH투자증권,KOSPI
016360,삼성증권,KOSPI
032640,LG유플러스,KOSPI
088980,맥쿼리인프라,KOSPI
006260,LS,KOSPI
005387,현대차2우B,KOSPI
029780,삼성카드,KOSPI
009830,한화솔루션,KOSPI
051900,LG생활건강,KOSPI
278470,에이피알,KOSPI
039490,키움증권,KOSPI
251270,넷마블,KOSPI
241560,두산밥캣,KOSPI
133690,TIGER 미국나스닥100,KOSPI
161390,한국타이어앤테크놀로지,KOSPI
357870,TIGER CD금리투자KIS(합성),KOSPI
001040,CJ,KOSPI
307950,현대오토에버,KOSPI
034220,LG디스플레이,KOSPI
028050,삼성E&A,KOSPI
379800,KODEX 미국S&P500,KOSPI
078930,GS,KOSPI
052690,한전기술,KOSPI
271560,오리온,KOSPI
011790,SKC,KOSPI
036570,엔씨소프트,KOSPI
175330,JB금융지주,KOSPI
302440,SK바이오사이언스,KOSPI
423160,KODEX KOFR금리액티브(합성),KOSPI
004020,현대제철,KOSPI
128940,한미약품,KOSPI
035250,강원랜드,KOSPI
138930,BNK금융지주,KOSPI
005385,현대차우,KOSPI
022100,포스코DX,KOSPI
097950,CJ제일제당,KOSPI
103140,풍산,KOSPI
011070,LG이노텍,KOSPI
036460,한국가스공사,KOSPI
007660,이수페타시스,KOSPI
454910,두산로보틱스,KOSPI
273130,KODEX 종합채권(AA-이상)액티브,KOSPI
017800,현대엘리베이터,KOSPI
192820,코스맥스,KOSPI
381170,TIGER 미국테크TOP10 INDXX,KOSPI
450080,에코프로머티,KOSPI
001440,대한전선,KOSPI
383220,F&F,KOSPI
462870,시프트업,KOSPI
011780,금호석유화학,KOSPI
008930,한미사이언스,KOSPI
004990,롯데지주,KOSPI
449170,TIGER KOFR금리액티브(합성),KOSPI
031210,서울보증보험,KOSPI
088350,한화생명,KOSPI
002380,KCC,KOSPI
026960,동서,KOSPI
102110,TIGER 200,KOSPI
278530,KODEX 200TR,KOSPI
011170,롯데케미칼,KOSPI
455890,RISE 머니마켓액티브,KOSPI
111770,영원무역,KOSPI
122630,KODEX 레버리지,KOSPI
051600,한전KPS,KOSPI
012750,에스원,KOSPI
379810,KODEX 미국나스닥100,KOSPI
002790,아모레퍼시픽홀딩스,KOSPI
489790,한화비전,KOSPI
381180,TIGER 미국필라델피아반도체나스닥,KOSPI
062040,산일전기,KOSPI
082740,한화엔진,KOSPI
042670,HD현대인프라코어,KOSPI
004370,농심,KOSPI
139480,이마트,KOSPI
030000,제일기획,KOSPI
001450,현대해상,KOSPI
018670,SK가스,KOSPI
453850,ACE 미국30년국채액티브(H),KOSPI
481050,KODEX CD1년금리플러스액티브(합성),KOSPI
282330,BGF리테일,KOSPI
012510,더존비즈온,KOSPI
161890,한국콜마,KOSPI
018880,한온시스템,KOSPI
023530,롯데쇼핑,KOSPI
028670,팬오션,KOSPI
000990,DB하이텍,KOSPI
483650,달바글로벌,KOSPI
000120,CJ대한통운,KOSPI
360200,ACE 미국S&P500,KOSPI
233740,KODEX 코스닥150레버리지,KOSPI
081660,미스토홀딩스,KOSPI
458730,TIGER 미국배당다우존스,KOSPI
008770,호텔신라,KOSPI
112610,씨에스윈드,KOSPI
020560,아시아나항공,KOSPI
006040,동원산업,KOSPI
139130,iM금융지주,KOSPI
001720,신영증권,KOSPI
003690,코리안리,KOSPI
003570,SNT다이내믹스,KOSPI
006360,GS건설,KOSPI
361610,SK아이이테크놀로지,KOSPI
066970,엘앤에프,KOSPI
014680,한솔케미칼,KOSPI
069620,대웅제약,KOSPI
004170,신세계,KOSPI
000240,한국앤컴퍼니,KOSPI
375500,DL이앤씨,KOSPI
009970,영원무역홀딩스,KOSPI
071970,HD현대마린엔진,KOSPI
047040,대우건설,KOSPI
453540,TIGER 25-10 회사채(A+이상)액티브,KOSPI
069960,현대백화점,KOSPI
000155,두산우,KOSPI
214980,KODEX 단기채권PLUS,KOSPI
294870,HDC현대산업개발,KOSPI
007310,오뚜기,KOSPI
204320,HL만도,KOSPI
385540,RISE 종합채권(A-이상)액티브,KOSPI
103590,일진전기,KOSPI
336260,두산퓨얼셀,KOSPI
371460,TIGER 차이나전기차SOLACTIVE,KOSPI
367380,ACE 미국나스닥100,KOSPI
006280,녹십자,KOSPI
005850,에스엘,KOSPI
023590,다우기술,KOSPI
003530,한화투자증권,KOSPI
310970,TIGER MSCI Korea TR,KOSPI
000080,하이트진로,KOSPI
484870,엠앤씨솔루션,KOSPI
007070,GS리테일,KOSPI
148020,RISE 200,KOSPI
494900,TIGER 25-12 금융채(AA-이상),KOSPI
003090,대웅,KOSPI
252670,KODEX 200선물인버스2X,KOSPI
001800,오리온홀딩스,KOSPI
010060,OCI홀딩스,KOSPI
005440,현대지에프홀딩스,KOSPI
137310,에스디바이오센서,KOSPI
012630,HDC,KOSPI
009420,한올바이오파마,KOSPI
267270,HD현대건설기계,KOSPI
034230,파라다이스,KOSPI
032350,롯데관광개발,KOSPI
229200,KODEX 코스닥150,KOSPI
017960,한국카본,KOSPI
411060,ACE KRX금현물,KOSPI
102780,KODEX 삼성그룹,KOSPI
073240,금호타이어,KOSPI
610063,메리츠 KIS CD금리투자 ETN,KOSPI
011210,현대위아,KOSPI
476550,TIGER 미국30년국채커버드콜액티브(H),KOSPI
007340,DN오토모티브,KOSPI
395400,SK리츠,KOSPI
089860,롯데렌탈,KOSPI
300720,한일시멘트,KOSPI
457190,이수스페셜티케미컬,KOSPI
003240,태광산업,KOSPI
003540,대신증권,KOSPI
020150,롯데에너지머티리얼즈,KOSPI
001120,LX인터내셔널,KOSPI
0043B0,TIGER 머니마켓액티브,KOSPI
192080,더블유게임즈,KOSPI
449450,PLUS K방산,KOSPI
181710,NHN,KOSPI
185750,종근당,KOSPI
082640,동양생명,KOSPI
004800,효성,KOSPI
005300,롯데칠성,KOSPI
100090,SK오션플랜트,KOSPI
285130,SK케미칼,KOSPI
005070,코스모신소재,KOSPI
00680K,미래에셋증권2우B,KOSPI
298020,효성티앤씨,KOSPI
280360,롯데웰푸드,KOSPI
192400,쿠쿠홀딩스,KOSPI
009450,경동나비엔,KOSPI
457480,ACE 테슬라밸류체인액티브,KOSPI
009240,한샘,KOSPI
000500,가온전선,KOSPI
085620,미래에셋생명,KOSPI
229640,LS에코에너지,KOSPI
330590,롯데리츠,KOSPI
477080,RISE CD금리액티브(합성),KOSPI
108320,LX세미콘,KOSPI
415640,KB발해인프라,KOSPI
451540,TIGER 종합채권(AA-이상)액티브,KOSPI
475630,TIGER CD1년금리액티브(합성),KOSPI
466920,SOL 조선TOP3플러스,KOSPI
371160,TIGER 차이나항셍테크,KOSPI
161510,PLUS 고배당주,KOSPI
491080,KODEX 25-12 은행채(AAA)액티브,KOSPI
077970,STX엔진,KOSPI
000815,삼성화재우,KOSPI
006120,SK디스커버리,KOSPI
700026,하나 CD금리투자 ETN,KOSPI
004000,롯데정밀화학,KOSPI
001740,SK네트웍스,KOSPI
004490,세방전지,KOSPI
458760,TIGER 미국배당다우존스타겟커버드콜2호,KOSPI
368590,RISE 미국나스닥100,KOSPI
030610,교보증권,KOSPI
120110,코오롱인더,KOSPI
114090,GKL,KOSPI
379780,RISE 미국S&P500,KOSPI
001430,세아베스틸지주,KOSPI
030190,NICE평가정보,KOSPI
014820,동원시스템즈,KOSPI
365550,ESR켄달스퀘어리츠,KOSPI
298050,HS효성첨단소재,KOSPI
000210,DL,KOSPI
294400,KIWOOM 200TR,KOSPI
305720,KODEX 2차전지산업,KOSPI
009410,태영건설,KOSPI
079160,CJ CGV,KOSPI
071320,지역난방공사,KOSPI
003030,세아제강지주,KOSPI
036530,SNT홀딩스,KOSPI
436140,SOL 종합채권(AA-이상)액티브,KOSPI
100840,SNT에너지,KOSPI
356540,ACE 종합채권(AA-이상)KIS액티브,KOSPI
039130,하나투어,KOSPI
479080,1Q 머니마켓액티브,KOSPI
157450,TIGER 단기통안채,KOSPI
469830,SOL 초단기채권액티브,KOSPI
064960,SNT모티브,KOSPI
353200,대덕전자,KOSPI
051915,LG화학우,KOSPI
049770,동원F&B,KOSPI
458250,TIGER 미국30년국채스트립액티브(합성 H),KOSPI
002840,미원상사,KOSPI
214320,이노션,KOSPI
305540,TIGER 2차전지테마,KOSPI
019170,신풍제약,KOSPI
005180,빙그레,KOSPI
000670,영풍,KOSPI
248070,솔루엠,KOSPI
000640,동아쏘시오홀딩스,KOSPI
001680,대상,KOSPI
00088K,한화3우B,KOSPI
005250,녹십자홀딩스,KOSPI
476810,KODEX 25-11 은행채(AA-이상)PLUS액티브,KOSPI
001530,DI동일,KOSPI
446720,SOL 미국배당다우존스,KOSPI
000070,삼양홀딩스,KOSPI
008730,율촌화학,KOSPI
550082,N2 KIS CD금리투자 ETN,KOSPI
475150,SK이터닉스,KOSPI
315930,KODEX Top5PlusTR,KOSPI
079900,전진건설로봇,KOSPI
486290,TIGER 미국나스닥100타겟데일리커버드콜,KOSPI
449180,KODEX 미국S&P500(H),KOSPI
381970,케이카,KOSPI
268280,미원에스씨,KOSPI
950210,프레스티지바이오파마,KOSPI
145720,덴티움,KOSPI
292150,TIGER TOP10,KOSPI
152100,PLUS 200,KOSPI
383800,LX홀딩스,KOSPI
003850,보령,KOSPI
003620,KG모빌리티,KOSPI
091160,KODEX 반도체,KOSPI
499790,GS피앤엘,KOSPI
272580,TIGER 단기채권액티브,KOSPI
451800,한화리츠,KOSPI
003470,유안타증권,KOSPI
075580,세진중공업,KOSPI
465580,ACE 미국빅테크TOP7 Plus,KOSPI
069260,TKG휴켐스,KOSPI
007700,F&F홀딩스,KOSPI
396500,TIGER Fn반도체TOP10,KOSPI
278540,KODEX MSCI Korea TR,KOSPI
025540,한국단자,KOSPI
314250,KODEX 미국빅테크10(H),KOSPI
010780,아이에스동서,KOSPI
329200,TIGER 리츠부동산인프라,KOSPI
000370,한화손해보험,KOSPI
057050,현대홈쇼핑,KOSPI
293940,신한알파리츠,KOSPI
005690,파미셀,KOSPI
760009,키움 CD금리투자 ETN,KOSPI
005810,풍산홀딩스,KOSPI
481060,KODEX 미국30년국채타겟커버드콜(합성 H),KOSPI
114800,KODEX 인버스,KOSPI
002030,아세아,KOSPI
530031,삼성 레버리지 WTI원유 선물 ETN,KOSPI
001570,금양,KOSPI
066575,LG전자우,KOSPI
402970,ACE 미국배당다우존스,KOSPI
014830,유니드,KOSPI
097230,HJ중공업,KOSPI
006380,카프로,KOSPI
002350,넥센타이어,KOSPI
016380,KG스틸,KOSPI
284740,쿠쿠홈시스,KOSPI
153130,KODEX 단기채권,KOSPI
336370,솔루스첨단소재,KOSPI
453340,현대그린푸드,KOSPI
271940,일진하이솔루스,KOSPI
002960,한국쉘석유,KOSPI
005390,신성통상,KOSPI
089590,제주항공,KOSPI
024720,콜마홀딩스,KOSPI
148070,KIWOOM 국고채10년,KOSPI
016590,신대양제지,KOSPI
484790,KODEX 미국30년국채액티브(H),KOSPI
005420,코스모화학,KOSPI
439870,KODEX 국고채30년액티브,KOSPI
003300,한일홀딩스,KOSPI
00104K,CJ4우(전환),KOSPI
006650,대한유화,KOSPI
281820,케이씨텍,KOSPI
473290,KODEX 26-12 회사채(AA-이상)액티브,KOSPI
139260,TIGER 200 IT,KOSPI
093370,후성,KOSPI
500019,신한 레버리지 WTI원유 선물 ETN(H),KOSPI
114260,KODEX 국고채3년,KOSPI
004690,삼천리,KOSPI
005880,대한해운,KOSPI
000400,롯데손해보험,KOSPI
001060,JW중외제약,KOSPI
344820,KCC글라스,KOSPI
348950,제이알글로벌리츠,KOSPI
017940,E1,KOSPI
498400,KODEX 200타겟위클리커버드콜,KOSPI
377740,바이오노트,KOSPI
145990,삼양사,KOSPI
093050,LF,KOSPI
580058,KB KIS CD금리투자 ETN,KOSPI
178920,PI첨단소재,KOSPI
071055,한국금융지주우,KOSPI
037270,YG PLUS,KOSPI
003545,대신증권우,KOSPI
453870,TIGER 인도니프티50,KOSPI
161000,애경케미칼,KOSPI
322000,HD현대에너지솔루션,KOSPI
016800,퍼시스,KOSPI
329750,TIGER 미국달러단기채권액티브,KOSPI
090435,아모레퍼시픽우,KOSPI
438330,TIGER 우량회사채액티브,KOSPI
034120,SBS,KOSPI
456040,OCI,KOSPI
002020,코오롱,KOSPI
456600,TIMEFOLIO 글로벌AI인공지능액티브,KOSPI
005610,SPC삼립,KOSPI
097520,엠씨넥스,KOSPI
447770,TIGER 테슬라채권혼합Fn,KOSPI
002240,고려제강,KOSPI
091180,KODEX 자동차,KOSPI
487230,KODEX 미국AI전력핵심인프라,KOSPI
029530,신도리코,KOSPI
474220,TIGER 미국테크TOP10타겟커버드콜,KOSPI
031430,신세계인터내셔날,KOSPI
272450,진에어,KOSPI
460860,동국제강,KOSPI
456610,TIGER 미국달러SOFR금리액티브(합성),KOSPI
105190,ACE 200,KOSPI
226490,KODEX 코스피,KOSPI
017810,풀무원,KOSPI
130660,한전산업,KOSPI
390390,KODEX 미국반도체,KOSPI
017860,DS단석,KOSPI
454780,KIWOOM 종합채권(AA-이상)액티브,KOSPI
001500,현대차증권,KOSPI
003280,흥아해운,KOSPI
477050,PLUS 머니마켓액티브,KOSPI
241590,화승엔터프라이즈,KOSPI
034310,NICE,KOSPI
003160,디아이,KOSPI
026890,스틱인베스트먼트,KOSPI
018250,애경산업,KOSPI
183190,아세아시멘트,KOSPI
471230,KODEX 국고채10년액티브,KOSPI
170900,동아에스티,KOSPI
090460,비에이치,KOSPI
009900,명신산업,KOSPI
449190,KODEX 미국나스닥100(H),KOSPI
472870,RISE 미국30년국채엔화노출(합성 H),KOSPI
403550,쏘카,KOSPI
195870,해성디에스,KOSPI
453810,KODEX 인도Nifty50,KOSPI
001270,부국증권,KOSPI
448290,TIGER 미국S&P500(H),KOSPI
385560,RISE KIS국고채30년Enhanced,KOSPI
091810,티웨이항공,KOSPI
480260,TIGER 27-04회사채(A+이상)액티브,KOSPI
462010,TIGER 2차전지소재Fn,KOSPI
475560,더본코리아,KOSPI
105630,한세실업,KOSPI
002710,TCC스틸,KOSPI
192650,드림텍,KOSPI
058650,세아홀딩스,KOSPI
306200,세아제강,KOSPI
357120,코람코라이프인프라리츠,KOSPI
451000,PLUS 종합채권(AA-이상)액티브,KOSPI
000157,두산2우B,KOSPI
441640,KODEX 미국배당커버드콜액티브,KOSPI
003520,영진약품,KOSPI
466940,TIGER 은행고배당플러스TOP10,KOSPI
027410,BGF,KOSPI
003920,남양유업,KOSPI
004700,조광피혁,KOSPI
448730,삼성FN리츠,KOSPI
094800,맵스리얼티1,KOSPI
483280,KODEX 미국AI테크TOP10타겟커버드콜,KOSPI
286940,롯데이노베이트,KOSPI
126720,수산인더스트리,KOSPI
900140,엘브이엠씨홀딩스,KOSPI
084690,대상홀딩스,KOSPI
293180,HANARO 200,KOSPI
025860,남해화학,KOSPI
060980,HL홀딩스,KOSPI
069660,KIWOOM 200,KOSPI
072710,농심홀딩스,KOSPI
003960,사조대림,KOSPI
020000,한섬,KOSPI
013890,지누스,KOSPI
006220,제주은행,KOSPI
432320,KB스타리츠,KOSPI
475720,RISE 200위클리커버드콜,KOSPI
441680,TIGER 미국나스닥100커버드콜(합성),KOSPI
084010,대한제강,KOSPI
092790,넥스틸,KOSPI
005389,현대차3우B,KOSPI
438080,ACE 미국S&P500채권혼합액티브,KOSPI
251350,KODEX 선진국MSCI World,KOSPI
455030,KODEX 미국달러SOFR금리액티브(합성),KOSPI
126560,현대퓨처넷,KOSPI
249420,일동제약,KOSPI
497570,TIGER 미국필라델피아AI반도체나스닥,KOSPI
001940,KISCO홀딩스,KOSPI
005090,SGC에너지,KOSPI
011760,현대코퍼레이션,KOSPI
093230,이아이디,KOSPI
499660,TIGER CD금리플러스액티브(합성),KOSPI
016610,DB증권,KOSPI
033270,유나이티드제약,KOSPI
446770,ACE 글로벌반도체TOP4 Plus SOLACTIVE,KOSPI
001200,유진투자증권,KOSPI
002310,아세아제지,KOSPI
091170,KODEX 은행,KOSPI
104700,한국철강,KOSPI
520009,미래에셋 레버리지 원유선물혼합 ETN(H),KOSPI
200880,서연이화,KOSPI
194370,제이에스코퍼레이션,KOSPI
489250,KODEX 미국배당다우존스,KOSPI
005720,넥센,KOSPI
426030,TIMEFOLIO 미국나스닥100액티브,KOSPI
006390,한일현대시멘트,KOSPI
364980,TIGER 2차전지TOP10,KOSPI
005945,NH투자증권우,KOSPI
0007F0,KODEX 27-12 회사채(AA-이상)액티브,KOSPI
009160,SIMPAC,KOSPI
033240,자화전자,KOSPI
570090,한투 KIS CD금리투자 ETN,KOSPI
015360,INVENI,KOSPI
476800,KODEX 한국부동산리츠인프라,KOSPI
029460,케이씨,KOSPI
481180,SOL 미국AI소프트웨어,KOSPI
498410,KODEX 금융고배당TOP10타겟위클리커버드콜,KOSPI
455850,SOL AI반도체소부장,KOSPI
007690,국도화학,KOSPI
011930,신성이엔지,KOSPI
001390,KG케미칼,KOSPI
035150,백산,KOSPI
123890,한국자산신탁,KOSPI
034830,한국토지신탁,KOSPI
482730,TIGER 미국S&P500타겟데일리커버드콜,KOSPI
001510,SK증권,KOSPI
003120,일성아이에스,KOSPI
476450,KIWOOM 머니마켓액티브,KOSPI
475080,KODEX 테슬라커버드콜채권혼합액티브,KOSPI
214420,토니모리,KOSPI
385550,RISE 단기채권알파액티브,KOSPI
000680,LS네트웍스,KOSPI
226320,잇츠한불,KOSPI
010690,화신,KOSPI
035510,신세계 I&C,KOSPI
007160,사조산업,KOSPI
003220,대원제약,KOSPI
009290,광동제약,KOSPI
002320,한진,KOSPI
004430,송원산업,KOSPI
365780,ACE 국고채10년,KOSPI
017390,서울가스,KOSPI
304660,KODEX 미국30년국채울트라선물(H),KOSPI
012030,DB,KOSPI
494890,KODEX 200액티브,KOSPI
051905,LG생활건강우,KOSPI
261260,KODEX 미국달러선물인버스2X,KOSPI
002810,삼영무역,KOSPI
472160,TIGER 미국테크TOP10 INDXX(H),KOSPI
009680,모토닉,KOSPI
273140,KODEX 단기변동금리부채권액티브,KOSPI
088260,이리츠코크렙,KOSPI
092230,KPX홀딩스,KOSPI
108670,LX하우시스,KOSPI
491610,1Q CD금리액티브(합성),KOSPI
096760,JW홀딩스,KOSPI
530111,삼성 레버리지 천연가스 선물 ETN C,KOSPI
004360,세방,KOSPI
439860,KODEX ESG종합채권(A-이상)액티브,KOSPI
437080,KODEX 미국종합채권ESG액티브(H),KOSPI
339770,교촌에프앤비,KOSPI
122900,아이마켓코리아,KOSPI
136490,선진,KOSPI
461490,RISE 글로벌자산배분액티브,KOSPI
479520,RISE KOFR금리액티브(합성),KOSPI
001820,삼화콘덴서,KOSPI
000490,대동,KOSPI
494300,KODEX 미국나스닥100데일리커버드콜OTM,KOSPI
377190,디앤디플랫폼리츠,KOSPI
490490,SOL 미국배당미국채혼합50,KOSPI
494670,TIGER 조선TOP10,KOSPI
008060,대덕,KOSPI
000540,흥국화재,KOSPI
395160,KODEX AI반도체,KOSPI
302190,TIGER 중장기국채,KOSPI
005010,휴스틸,KOSPI
006110,삼아알미늄,KOSPI
005500,삼진제약,KOSPI
001630,종근당홀딩스,KOSPI
132030,KODEX 골드선물(H),KOSPI
003350,한국화장품제조,KOSPI
000320,노루홀딩스,KOSPI
007810,코리아써키트,KOSPI
467940,KODEX 25-11 회사채(A+이상)액티브,KOSPI
001230,동국홀딩스,KOSPI
091230,TIGER 반도체,KOSPI
196230,RISE 단기통안채,KOSPI
228790,TIGER 화장품,KOSPI
448300,TIGER 미국나스닥100(H),KOSPI
473330,SOL 미국30년국채커버드콜(합성),KOSPI
015860,일진홀딩스,KOSPI
488980,SOL 26-12 회사채(AA-이상)액티브,KOSPI
001790,대한제당,KOSPI
487340,ACE 머니마켓액티브,KOSPI
007570,일양약품,KOSPI
006060,화승인더,KOSPI
000480,CR홀딩스,KOSPI
001340,PKC,KOSPI
003200,일신방직,KOSPI
138490,코오롱ENP,KOSPI
003000,부광약품,KOSPI
001130,대한제분,KOSPI
036420,콘텐트리중앙,KOSPI
434730,HANARO 원자력iSelect,KOSPI
463290,1Q 단기금융채액티브,KOSPI
394660,TIGER 글로벌자율주행&전기차SOLACTIVE,KOSPI
452260,한화갤러리아,KOSPI
039570,HDC랩스,KOSPI
117580,대성에너지,KOSPI
466950,TIGER 글로벌AI액티브,KOSPI
388420,RISE 비메모리반도체액티브,KOSPI
070960,모나용평,KOSPI
395270,HANARO Fn K-반도체,KOSPI
000140,하이트진로홀딩스,KOSPI
298690,에어부산,KOSPI
241180,TIGER 일본니케이225,KOSPI
334890,이지스밸류플러스리츠,KOSPI
251340,KODEX 코스닥150선물인버스,KOSPI
053690,한미글로벌,KOSPI
002900,TYM,KOSPI
008490,서흥,KOSPI
452360,SOL 미국배당다우존스(H),KOSPI
487570,HS효성,KOSPI
011500,한농화성,KOSPI
105840,우진,KOSPI
001460,BYC,KOSPI
361580,RISE 200TR,KOSPI
058430,포스코스틸리온,KOSPI
007860,서연,KOSPI
037710,광주신세계,KOSPI
295040,SOL 200TR,KOSPI
000430,대원강업,KOSPI
053210,스카이라이프,KOSPI
143860,TIGER 헬스케어,KOSPI
005680,삼영전자,KOSPI
025000,KPX케미칼,KOSPI
002150,도화엔지니어링,KOSPI
011000,진원생명과학,KOSPI
006340,대원전선,KOSPI
001780,알루코,KOSPI
245710,ACE 베트남VN30(합성),KOSPI
033920,무학,KOSPI
473460,KODEX 미국서학개미,KOSPI
329650,KODEX TRF3070,KOSPI
016880,웅진,KOSPI
044450,KSS해운,KOSPI
028100,동아지질,KOSPI
434060,KODEX TDF2050액티브,KOSPI
001750,한양증권,KOSPI
008970,동양철관,KOSPI
016580,환인제약,KOSPI
004980,성신양회,KOSPI
200250,KIWOOM 인도Nifty50(합성),KOSPI
530107,삼성 인버스 2X 코스닥150 선물 ETN,KOSPI
001250,GS글로벌,KOSPI
139230,TIGER 200 중공업,KOSPI
363570,KODEX 장기종합채권(AA-이상)액티브,KOSPI
293480,하나제약,KOSPI
000520,삼일제약,KOSPI
438100,ACE 미국나스닥100채권혼합액티브,KOSPI
030210,다올투자증권,KOSPI
102970,KODEX 증권,KOSPI
084680,이월드,KOSPI
102260,동성케미컬,KOSPI
463250,TIGER K방산&우주,KOSPI
000050,경방,KOSPI
0001S0,TIGER 26-04 회사채(A+이상)액티브,KOSPI
487240,KODEX AI전력핵심설비,KOSPI
458260,TIGER 미국투자등급회사채액티브(H),KOSPI
271980,제일약품,KOSPI
095720,웅진씽크빅,KOSPI
007460,에이프로젠,KOSPI
462330,KODEX 2차전지산업레버리지,KOSPI
417310,코람코더원리츠,KOSPI
456880,ACE 미국달러SOFR금리(합성),KOSPI
004380,삼익THK,KOSPI
102460,이연제약,KOSPI
409820,KODEX 미국나스닥100레버리지(합성 H),KOSPI
423920,TIGER 미국필라델피아반도체레버리지(합성),KOSPI
213500,한솔제지,KOSPI
272550,삼양패키징,KOSPI
010820,퍼스텍,KOSPI
0048J0,KODEX 미국머니마켓액티브,KOSPI
277630,TIGER 코스피,KOSPI
037560,LG헬로비전,KOSPI
083420,그린케미칼,KOSPI
472170,TIGER 미국테크TOP10채권혼합,KOSPI
078520,에이블씨엔씨,KOSPI
004090,한국석유,KOSPI
019680,대교,KOSPI
476760,ACE 미국30년국채액티브,KOSPI
101530,해태제과식품,KOSPI
006490,인스코비,KOSPI
002100,경농,KOSPI
461270,ACE 26-06 회사채(AA-이상)액티브,KOSPI
007110,일신석재,KOSPI
013580,계룡건설,KOSPI
018470,조일알미늄,KOSPI
003830,대한화섬,KOSPI
097955,CJ제일제당 우,KOSPI
009470,삼화전기,KOSPI
138520,TIGER 삼성그룹펀더멘털,KOSPI
234080,JW생명과학,KOSPI
404990,신한서부티엔디리츠,KOSPI
435420,TIGER 미국나스닥100채권혼합Fn,KOSPI
495850,KODEX 코리아밸류업,KOSPI
003650,미창석유,KOSPI
000020,동화약품,KOSPI
081000,일진다이아,KOSPI
460850,동국씨엠,KOSPI
010580,에스엠벡셀,KOSPI
001045,CJ우,KOSPI
394670,TIGER 글로벌리튬&2차전지SOLACTIVE(합성),KOSPI
071840,롯데하이마트,KOSPI
128820,대성산업,KOSPI
570022,한투 레버리지 S&P500 선물 ETN(H),KOSPI
003555,LG우,KOSPI
210980,SK디앤디,KOSPI
009270,신원,KOSPI
092200,디아이씨,KOSPI
100250,진양홀딩스,KOSPI
090350,노루페인트,KOSPI
004560,현대비앤지스틸,KOSPI
0016X0,SOL 중단기회사채(A-이상)액티브,KOSPI
02826K,삼성물산우B,KOSPI
044820,코스맥스비티아이,KOSPI
003547,대신증권2우B,KOSPI
458210,KIWOOM CD금리액티브(합성),KOSPI
095570,AJ네트웍스,KOSPI
003070,코오롱글로벌,KOSPI
004710,한솔테크닉스,KOSPI
009155,삼성전기우,KOSPI
442320,RISE 글로벌원자력,KOSPI
372330,KODEX 차이나항셍테크,KOSPI
107590,미원홀딩스,KOSPI
009580,무림P&P,KOSPI
483290,KODEX 미국배당다우존스타겟커버드콜,KOSPI
068290,삼성출판사,KOSPI
094280,효성ITX,KOSPI
134380,미원화학,KOSPI
232080,TIGER 코스닥150,KOSPI
136340,RISE 중기우량회사채,KOSPI
016450,한세예스24홀딩스,KOSPI
192090,TIGER 차이나CSI300,KOSPI
418660,TIGER 미국나스닥100레버리지(합성),KOSPI
448540,ACE 엔비디아채권혼합블룸버그,KOSPI
480020,ACE 미국빅테크7+데일리타겟커버드콜(합성),KOSPI
001360,삼성제약,KOSPI
011785,금호석유화학우,KOSPI
462520,조선내화,KOSPI
003610,방림,KOSPI
251600,PLUS 고배당주채권혼합,KOSPI
005430,한국공항,KOSPI
272560,RISE 단기국공채액티브,KOSPI
486450,SOL 미국AI전력인프라,KOSPI
015230,대창단조,KOSPI
493810,TIGER 미국AI빅테크10타겟데일리커버드콜,KOSPI
475050,ACE KPOP포커스,KOSPI
000390,삼화페인트,KOSPI
004250,NPC,KOSPI
006405,삼성SDI우,KOSPI
008040,사조동아원,KOSPI
481190,SOL 미국테크TOP10,KOSPI
000970,한국주철관,KOSPI
00279K,아모레퍼시픽홀딩스3우C,KOSPI
002170,삼양통상,KOSPI
000860,강남제비스코,KOSPI
000300,DH오토넥스,KOSPI
472920,HK 종합채권(AA-이상)액티브,KOSPI
139990,아주스틸,KOSPI
462900,KoAct 바이오헬스케어액티브,KOSPI
092220,KEC,KOSPI
016710,대성홀딩스,KOSPI
079430,현대리바트,KOSPI
363280,티와이홀딩스,KOSPI
004970,신라교역,KOSPI
500077,신한 인버스0.5X S&P500 VIX S/T선물 ETN,KOSPI
367770,RISE 수소경제테마,KOSPI
307520,TIGER 지주회사,KOSPI
010955,S-Oil우,KOSPI
400760,NH올원리츠,KOSPI
008350,남선알미늄,KOSPI
025820,이구산업,KOSPI
002390,한독,KOSPI
305080,TIGER 미국채10년선물,KOSPI
000700,유수홀딩스,KOSPI
008110,대동전자,KOSPI
0008S0,TIGER 미국배당다우존스타겟데일리커버드콜,KOSPI
006840,AK홀딩스,KOSPI
219480,KODEX 미국S&P500선물(H),KOSPI
450140,코오롱모빌리티그룹,KOSPI
157490,TIGER 소프트웨어,KOSPI
015890,태경산업,KOSPI
011280,태림포장,KOSPI
350520,이지스레지던스리츠,KOSPI
003460,유화증권,KOSPI
031440,신세계푸드,KOSPI
027970,한국제지,KOSPI
024090,디씨엠,KOSPI
451530,TIGER 국고채30년스트립액티브,KOSPI
003580,HLB글로벌,KOSPI
003480,한진중공업홀딩스,KOSPI
007210,벽산,KOSPI
001520,동양,KOSPI
364970,TIGER 바이오TOP10,KOSPI
481430,RISE 국고채10년액티브,KOSPI
123690,한국화장품,KOSPI
005950,이수화학,KOSPI
114100,RISE 국고채3년,KOSPI
480030,ACE 미국500데일리타겟커버드콜(합성),KOSPI
214330,금호에이치티,KOSPI
302450,RISE 코스피,KOSPI
011700,한신기계,KOSPI
012320,경동인베스트,KOSPI
017370,우신시스템,KOSPI
480370,씨케이솔루션,KOSPI
298000,효성화학,KOSPI
020120,키다리스튜디오,KOSPI
228810,TIGER 미디어컨텐츠,KOSPI
496080,TIGER 코리아밸류업,KOSPI
012610,경인양행,KOSPI
445290,KODEX 로봇액티브,KOSPI
0052D0,TIGER 코리아배당다우존스,KOSPI
210540,디와이파워,KOSPI
464240,KIWOOM 26-09회사채(AA-이상)액티브,KOSPI
492500,1Q 현대차그룹채권(A+이상)&국고통안,KOSPI
433330,SOL 미국S&P500,KOSPI
003720,삼영,KOSPI
077500,유니퀘스트,KOSPI
498180,파워 종합채권(AA-이상)액티브,KOSPI
011330,유니켐,KOSPI
498270,KIWOOM 미국양자컴퓨팅,KOSPI
309230,ACE 미국WideMoat동일가중,KOSPI
364960,TIGER BBIG,KOSPI
267850,아시아나IDT,KOSPI
317400,자이에스앤디,KOSPI
002620,제일파마홀딩스,KOSPI
004080,신흥,KOSPI
033180,KH 필룩스,KOSPI
319640,TIGER 골드선물(H),KOSPI
488500,TIGER 미국S&P500동일가중,KOSPI
005870,휴니드,KOSPI
010100,한국무브넥스,KOSPI
244920,에이플러스에셋,KOSPI
283580,KODEX 차이나CSI300,KOSPI
284430,KODEX 200미국채혼합,KOSPI
014710,사조씨푸드,KOSPI
244580,KODEX 바이오,KOSPI
610061,메리츠 3X 레버리지 국채30년 ETN,KOSPI
570019,한투 코스피 양매도 5% OTM ETN,KOSPI
448600,RISE 25-11 회사채(AA-이상)액티브,KOSPI
007540,샘표,KOSPI
014580,태경비케이,KOSPI
143850,TIGER 미국S&P500선물(H),KOSPI
014280,금강공업,KOSPI
463050,TIMEFOLIO K바이오액티브,KOSPI
385510,KODEX 신재생에너지액티브,KOSPI
069460,대호에이엘,KOSPI
326240,RISE IT플러스,KOSPI
003060,에이프로젠바이오로직스,KOSPI
496020,WON 전단채플러스액티브,KOSPI
035000,HS애드,KOSPI
464930,TIGER 글로벌혁신블루칩TOP10,KOSPI
033530,SJG세종,KOSPI
004150,한솔홀딩스,KOSPI
006890,태경케미컬,KOSPI
004140,동방,KOSPI
479730,TIGER 인도빌리언컨슈머,KOSPI
471990,KODEX AI반도체핵심장비,KOSPI
012800,대창,KOSPI
500095,신한 S&P500 VIX S/T 선물 ETN E,KOSPI
001020,페이퍼코리아,KOSPI
014160,대영포장,KOSPI
063160,종근당바이오,KOSPI
120030,조선선재,KOSPI
089470,HDC현대EP,KOSPI
489870,KIWOOM 25-09 회사채(AA-이상)액티브,KOSPI
461950,KODEX 2차전지핵심소재10,KOSPI
002990,금호건설,KOSPI
414780,TIGER 차이나과창판STAR50(합성),KOSPI
005960,동부건설,KOSPI
078000,텔코웨어,KOSPI
438570,SOL 국고채10년,KOSPI
058850,KTcs,KOSPI
491230,PLUS 국공채머니마켓액티브,KOSPI
478150,TIMEFOLIO 글로벌우주테크&방산액티브,KOSPI
182480,TIGER 미국MSCI리츠(합성 H),KOSPI
500029,신한 레버리지 은 선물 ETN(H),KOSPI
248170,샘표식품,KOSPI
009070,KCTC,KOSPI
014530,극동유화,KOSPI
485540,KODEX 미국AI테크TOP10,KOSPI
0000Y0,HK 26-12 회사채(AA-이상)액티브,KOSPI
550092,N2 월간 레버리지 방위산업 Top5 ETN,KOSPI
019440,세아특수강,KOSPI
015590,DKME,KOSPI
0000J0,PLUS 한화그룹주,KOSPI
013570,디와이,KOSPI
002200,한국수출포장,KOSPI
023450,동남합성,KOSPI
006805,미래에셋증권우,KOSPI
002450,삼익악기,KOSPI
267290,경동도시가스,KOSPI
144600,KODEX 은선물(H),KOSPI
441800,TIMEFOLIO Korea플러스배당액티브,KOSPI
401470,KODEX 메타버스액티브,KOSPI
006660,삼성공조,KOSPI
101140,인바이오젠,KOSPI
451060,1Q K200액티브,KOSPI
228800,TIGER 여행레저,KOSPI
483320,ACE 엔비디아밸류체인액티브,KOSPI
0051G0,SOL 미국원자력SMR,KOSPI
021820,세원정공,KOSPI
462540,SOL 25-09 회사채(AA-이상)액티브,KOSPI
011690,와이투솔루션,KOSPI
476750,ACE 미국30년국채엔화노출액티브(H),KOSPI
214390,경보제약,KOSPI
000105,유한양행우,KOSPI
005800,신영와코루,KOSPI
227840,현대코퍼레이션홀딩스,KOSPI
466400,1Q 25-08 회사채(A+이상)액티브,KOSPI
008700,아남전자,KOSPI
093240,형지엘리트,KOSPI
017900,광전자,KOSPI
150460,TIGER 중국소비테마,KOSPI
304940,KODEX 미국나스닥100선물(H),KOSPI
328370,PLUS 코스피TR,KOSPI
130730,KIWOOM 단기자금,KOSPI
005740,크라운해태홀딩스,KOSPI
401170,RISE 메타버스,KOSPI
017550,수산세보틱스,KOSPI
001080,만호제강,KOSPI
000180,성창기업지주,KOSPI
500082,신한 블룸버그 2X 천연가스 선물 ETN,KOSPI
422420,RISE 2차전지액티브,KOSPI
004310,현대약품,KOSPI
002780,진흥기업,KOSPI
489570,HANARO 25-12 은행채(AA+이상)액티브,KOSPI
490090,TIGER 미국AI빅테크10,KOSPI
570051,한투 나스닥 100 ETN,KOSPI
034590,인천도시가스,KOSPI
570082,한투 인버스 2X 코스닥150선물 ETN,KOSPI
010660,화천기계,KOSPI
004890,동일산업,KOSPI
002460,HS화성,KOSPI
011390,부산산업,KOSPI
264900,크라운제과,KOSPI
213610,KODEX 삼성그룹밸류,KOSPI
455860,SOL 2차전지소부장Fn,KOSPI
011150,CJ씨푸드,KOSPI
011810,STX,KOSPI
008260,NI스틸,KOSPI
190620,ACE 단기통안채,KOSPI
067830,세이브존I&C,KOSPI
412770,TIGER 글로벌AI플랫폼액티브,KOSPI
495710,BNK 26-06 특수채(AAA이상)액티브,KOSPI
465780,마이티 26-09 특수채(AAA)액티브,KOSPI
429000,TIGER 미국S&P500배당귀족,KOSPI
290130,RISE ESG사회책임투자,KOSPI
079980,휴비스,KOSPI
002700,신일전자,KOSPI
016740,두올,KOSPI
163560,동일고무벨트,KOSPI
396690,미래에셋글로벌리츠,KOSPI
419890,KIWOOM 단기채권ESG액티브,KOSPI
245340,TIGER 미국다우존스30,KOSPI
570050,한투 S&P500 선물 ETN,KOSPI
032560,황금에스티,KOSPI
168580,ACE 중국본토CSI300,KOSPI
023000,삼원강재,KOSPI
473440,ACE 11월만기자동연장회사채AA-이상액티브,KOSPI
014790,HL D&I,KOSPI
058860,KTis,KOSPI
002720,국제약품,KOSPI
325010,KODEX 성장주,KOSPI
000590,CS홀딩스,KOSPI
012690,모나리자,KOSPI
004960,한신공영,KOSPI
004840,DRB동일,KOSPI
036580,팜스코,KOSPI
472150,TIGER 배당커버드콜액티브,KOSPI
119650,KC코트렐,KOSPI
002630,오리엔트바이오,KOSPI
325020,KODEX 배당가치,KOSPI
013520,화승코퍼레이션,KOSPI
530036,삼성 인버스 2X WTI원유 선물 ETN,KOSPI
013360,일성건설,KOSPI
270810,RISE 코스닥150,KOSPI
465350,RISE 2차전지TOP10인버스(합성),KOSPI
0064K0,KODEX 금액티브,KOSPI
310960,TIGER 200TR,KOSPI
0025N0,TIGER TDF2045,KOSPI
010040,한국내화,KOSPI
465610,ACE 미국빅테크TOP7 Plus레버리지(합성),KOSPI
0047A0,TIGER 차이나테크TOP10,KOSPI
0005A0,KODEX 미국S&P500데일리커버드콜OTM,KOSPI
453330,RISE 미국S&P500(H),KOSPI
001260,남광토건,KOSPI
267770,TIGER 200선물레버리지,KOSPI
484880,SOL 금융지주플러스고배당,KOSPI
023800,인지컨트롤스,KOSPI
004100,태양금속,KOSPI
332930,HANARO 200TR,KOSPI
469070,RISE AI&로봇,KOSPI
500037,신한 레버리지 금 선물 ETN,KOSPI
004830,덕성,KOSPI
0026E0,KODEX 미국S&P500버퍼3월액티브,KOSPI
006880,신송홀딩스,KOSPI
494310,KODEX 반도체레버리지,KOSPI
001560,제일연마,KOSPI
007280,한국특강,KOSPI
019175,신풍제약우,KOSPI
400970,TIGER Fn메타버스,KOSPI
473590,ACE 미국주식베스트셀러,KOSPI
282000,RISE 국고채3년선물인버스,KOSPI
002600,조흥,KOSPI
372910,한컴라이프케어,KOSPI
111380,동인기연,KOSPI
0046A0,TIGER 미국초단기(3개월이하)국채,KOSPI
475350,RISE 버크셔포트폴리오TOP10,KOSPI
475280,ACE 8월만기자동연장회사채AA-이상액티브,KOSPI
448330,KODEX 삼성전자채권혼합,KOSPI
100220,비상교육,KOSPI
03473K,SK우,KOSPI
550044,N2 레버리지 S&P500 ETN,KOSPI
009200,무림페이퍼,KOSPI
010960,삼호개발,KOSPI
011230,삼화전자,KOSPI
461500,HANARO 종합채권(AA-이상)액티브,KOSPI
014440,영보화학,KOSPI
006090,사조오양,KOSPI
700023,하나 Solactive 2X US Tech Top 10 ETN(H),KOSPI
003925,남양유업우,KOSPI
024900,디와이덕양,KOSPI
308620,KODEX 미국10년국채선물,KOSPI
275980,TIGER 글로벌4차산업혁신기술(합성 H),KOSPI
031820,아이티센씨티에스,KOSPI
096775,SK이노베이션우,KOSPI
017040,광명전기,KOSPI
452250,ACE 미국30년국채선물레버리지(합성 H),KOSPI
489030,PLUS 고배당주위클리커버드콜,KOSPI
007590,동방아그로,KOSPI
014990,인디에프,KOSPI
338100,NH프라임리츠,KOSPI
016090,대현,KOSPI
111110,호전실업,KOSPI
329660,KODEX TRF5050,KOSPI
33626K,두산퓨얼셀1우,KOSPI
480040,ACE 미국반도체데일리타겟커버드콜(합성),KOSPI
520057,미래에셋 인버스 2X 코스닥150 선물 ETN,KOSPI
500015,신한 WTI원유 선물 ETN(H),KOSPI
237350,KODEX 코스피100,KOSPI
002795,아모레퍼시픽홀딩스우,KOSPI
114820,TIGER 국채3년,KOSPI
471760,TIGER AI반도체핵심공정,KOSPI
441540,HANARO Fn조선해운,KOSPI
490480,SOL K방산,KOSPI
000230,일동홀딩스,KOSPI
464310,TIGER 글로벌AI&로보틱스 INDXX,KOSPI
0026S0,1Q 미국S&P500,KOSPI
490590,RISE 미국AI밸류체인데일리고정커버드콜,KOSPI
129260,인터지스,KOSPI
071090,하이스틸,KOSPI
0047P0,RISE 테슬라고정테크100,KOSPI
278240,RISE 코스닥150선물레버리지,KOSPI
204480,TIGER 차이나CSI300레버리지(합성),KOSPI
0052T0,1Q 중단기회사채(A-이상)액티브,KOSPI
001275,부국증권우,KOSPI
001470,삼부토건,KOSPI
004720,팜젠사이언스,KOSPI
004540,깨끗한나라,KOSPI
000220,유유제약,KOSPI
412570,TIGER 2차전지TOP10레버리지,KOSPI
011420,갤럭시아에스엠,KOSPI
007980,TP,KOSPI
001290,상상인증권,KOSPI
476690,TIGER 글로벌비만치료제TOP2Plus,KOSPI
001550,조비,KOSPI
449770,KIWOOM 미국S&P500,KOSPI
013870,지엠비코리아,KOSPI
580015,KB 레버리지 나스닥 100 ETN,KOSPI
001380,SG글로벌,KOSPI
486830,HANARO 머니마켓액티브,KOSPI
003560,IHQ,KOSPI
570093,한투 레버리지 천연가스 선물 ETN B,KOSPI
530055,삼성 레버리지 금 선물 ETN(H),KOSPI
003780,진양산업,KOSPI
006370,대구백화점,KOSPI
004450,삼화왕관,KOSPI
440640,ACE 단기채권알파액티브,KOSPI
078935,GS우,KOSPI
000910,유니온,KOSPI
266420,KODEX 헬스케어,KOSPI
261270,KODEX 미국달러선물인버스,KOSPI
002140,고려산업,KOSPI
138540,TIGER 현대차그룹+펀더멘털,KOSPI
009190,대양금속,KOSPI
570103,한투 인버스2X 나스닥100 ETN B,KOSPI
500096,신한 인버스2X 천연가스 선물 ETN B,KOSPI
009770,삼정펄프,KOSPI
092440,기신정기,KOSPI
002210,동성제약,KOSPI
468820,WON 25-09 회사채(AA-이상)액티브,KOSPI
480310,TIGER 글로벌온디바이스AI,KOSPI
011300,성안머티리얼스,KOSPI
010770,평화홀딩스,KOSPI
002220,한일철강,KOSPI
483230,RISE 25-06 은행채(AA+이상)액티브,KOSPI
465770,STX그린로지스,KOSPI
233160,TIGER 코스닥150 레버리지,KOSPI
399110,SOL 미국S&P500ESG,KOSPI
520054,미래에셋 레버리지 코스피200 선물 ETN,KOSPI
004870,티웨이홀딩스,KOSPI
495050,RISE 코리아밸류업,KOSPI
195980,PLUS 신흥국MSCI(합성 H),KOSPI
000850,화천기공,KOSPI
279530,KODEX 고배당,KOSPI
004910,조광페인트,KOSPI
001210,금호전기,KOSPI
102280,쌍방울,KOSPI
000890,보해양조,KOSPI
047400,유니온머티리얼,KOSPI
000725,현대건설우,KOSPI
491620,RISE 미국테크100데일리고정커버드콜,KOSPI
003010,혜인,KOSPI
072130,유엔젤,KOSPI
004060,SG세계물산,KOSPI
005750,대림바스,KOSPI
500071,신한 레버리지 코스닥 150 선물 ETN,KOSPI
491010,TIGER 글로벌AI전력인프라액티브,KOSPI
134790,시디즈,KOSPI
0065G0,KODEX 차이나테크TOP10,KOSPI
471040,KoAct 글로벌AI&로봇액티브,KOSPI
580016,KB 레버리지 S&P 500 선물 ETN(H),KOSPI
261220,KODEX WTI원유선물(H),KOSPI
458750,TIGER 미국배당다우존스타겟커버드콜1호,KOSPI
357250,미래에셋맵스리츠,KOSPI
009835,한화솔루션우,KOSPI
37550L,DL이앤씨2우(전환),KOSPI
500050,신한 레버리지 S&P500 선물 ETN,KOSPI
091090,세원이앤씨,KOSPI
292560,TIGER 일본엔선물,KOSPI
570084,한투 블룸버그 인버스 2X 천연가스선물 ETN,KOSPI
085310,엔케이,KOSPI
580010,KB Wise 분할매매 ETN,KOSPI
013700,까뮤이앤씨,KOSPI
055490,테이팩스,KOSPI
481850,신한글로벌액티브리츠,KOSPI
395290,HANARO Fn K-POP&미디어,KOSPI
009180,한솔로지스틱스,KOSPI
497880,SOL CD금리&머니마켓액티브,KOSPI
139280,TIGER 경기방어,KOSPI
329670,KODEX TRF7030,KOSPI
0008T0,SOL 화장품TOP3플러스,KOSPI
004920,씨아이테크,KOSPI
155660,DSR,KOSPI
002760,보락,KOSPI
610066,메리츠 KAP 통안채 3개월 ETN,KOSPI
245360,TIGER 차이나HSCEI,KOSPI
252710,TIGER 200선물인버스2X,KOSPI
471460,KIWOOM 국고채30년액티브,KOSPI
269540,PLUS 미국S&P500(H),KOSPI
004770,써니전자,KOSPI
075180,새론오토모티브,KOSPI
174360,RISE 중국본토대형주CSI100,KOSPI
123320,TIGER 레버리지,KOSPI
021050,서원,KOSPI
004440,삼일씨엔에스,KOSPI
550091,N2 방위산업 Top5 ETN,KOSPI
041650,상신브레이크,KOSPI
266160,RISE 고배당,KOSPI
378850,화승알앤에이,KOSPI
120115,코오롱인더우,KOSPI
008250,이건산업,KOSPI
530061,삼성 레버리지 은 선물 ETN(H),KOSPI
000950,전방,KOSPI
530019,삼성 미국 대형 성장주 ETN,KOSPI
365000,TIGER 인터넷TOP10,KOSPI
018500,동원금속,KOSPI
437070,KODEX 아시아달러채권ESG플러스액티브,KOSPI
090080,평화산업,KOSPI
117700,KODEX 건설,KOSPI
004410,서울식품,KOSPI
006740,영풍제지,KOSPI
023350,한국종합기술,KOSPI
460960,ACE 글로벌인컴TOP10 SOLACTIVE,KOSPI
476070,KODEX 글로벌비만치료제TOP2 Plus,KOSPI
092780,DYP,KOSPI
570059,한투 레버리지 금 선물 ETN,KOSPI
008870,금비,KOSPI
023810,인팩,KOSPI
453080,KIWOOM 미국나스닥100(H),KOSPI
272910,ACE 중장기국공채액티브,KOSPI
454320,HANARO CAPEX설비투자iSelect,KOSPI
025750,한솔홈데코,KOSPI
000650,천일고속,KOSPI
058730,다스코,KOSPI
385720,TIMEFOLIO 코스피액티브,KOSPI
490600,RISE 미국배당100데일리고정커버드콜,KOSPI
139660,KIWOOM 미국달러선물인버스,KOSPI
465330,RISE 2차전지TOP10,KOSPI
28513K,SK케미칼우,KOSPI
027740,마니커,KOSPI
760018,키움 미국달러선물 ETN B,KOSPI
411420,KODEX 미국나스닥AI테크액티브,KOSPI
005305,롯데칠성우,KOSPI
426150,WON 대한민국국고채액티브,KOSPI
017180,명문제약,KOSPI
520070,미래에셋 0.5X 코스피200 선물 ETN,KOSPI
447430,ACE 주주환원가치주액티브,KOSPI
322400,HANARO e커머스,KOSPI
003080,SB성보,KOSPI
118000,메타케어,KOSPI
500072,신한 인버스 2X 코스닥 150 선물 ETN,KOSPI
447620,SOL 미국TOP5채권혼합40 Solactive,KOSPI
261240,KODEX 미국달러선물,KOSPI
0067V0,TIGER 차이나글로벌리더스TOP3+,KOSPI
225040,TIGER 미국S&P500레버리지(합성 H),KOSPI
461600,SOL 미국30년국채액티브(H),KOSPI
315960,RISE 대형고배당10TR,KOSPI
006980,우성,KOSPI
520056,미래에셋 레버리지 코스닥150 선물 ETN,KOSPI
570116,한투 블룸버그레버리지WTI원유선물 ETN B,KOSPI
069730,DSR제강,KOSPI
580020,KB 천연가스 선물 ETN(H),KOSPI
001620,케이비아이동국실업,KOSPI
007610,선도전기,KOSPI
123700,SJM,KOSPI
530136,삼성 인버스 2X 천연가스 선물 ETN D,KOSPI
395170,KODEX Top10동일가중,KOSPI
025530,SJM홀딩스,KOSPI
009810,플레이그램,KOSPI
423170,SOL 한국형글로벌반도체액티브,KOSPI
012160,영흥,KOSPI
002360,SH에너지화학,KOSPI
002880,대유에이텍,KOSPI
002410,범양건영,KOSPI
455960,RISE 미국달러SOFR금리액티브(합성),KOSPI
403790,마이다스 코스피액티브,KOSPI
203780,TIGER 미국나스닥바이오,KOSPI
308170,씨티알모빌리티,KOSPI
006125,SK디스커버리우,KOSPI
204450,KODEX 차이나H레버리지(H),KOSPI
019180,티에이치엔,KOSPI
266360,KODEX 미디어&엔터테인먼트,KOSPI
464470,PLUS 미국채30년액티브,KOSPI
520066,미래에셋 KRX금현물 Auto-KO-C 2810-01 ETN,KOSPI
002920,유성기업,KOSPI
530015,삼성 미국 대형 성장주 ETN(H),KOSPI
0007N0,아이엠에셋 200,KOSPI
152870,파워 200,KOSPI
468380,KODEX iShares미국하이일드액티브,KOSPI
520071,미래에셋 0.5X 코스닥150 선물 ETN,KOSPI
610078,메리츠 3X 레버리지 미국채30년 ETN,KOSPI
019490,엑시큐어하이트론,KOSPI
496090,KIWOOM 코리아밸류업,KOSPI
530067,삼성 KRX 금현물 ETN,KOSPI
359210,KODEX 코스피TR,KOSPI
469170,ACE 포스코그룹포커스,KOSPI
550062,N2 레버리지 금 선물 ETN(H),KOSPI
487910,ACE 인도컨슈머파워액티브,KOSPI
610012,메리츠 레버리지 금 선물 ETN(H),KOSPI
421320,PLUS 우주항공&UAM,KOSPI
009320,아진전자부품,KOSPI
280930,KODEX 미국러셀2000(H),KOSPI
475260,ACE 2월만기자동연장회사채AA-이상액티브,KOSPI
010600,웰바이오텍,KOSPI
445150,KODEX 친환경조선해운액티브,KOSPI
407830,에셋플러스 글로벌플랫폼액티브,KOSPI
760007,키움 코스피 200 TR ETN,KOSPI
0048K0,KODEX 차이나휴머노이드로봇,KOSPI
139220,TIGER 200 건설,KOSPI
426020,TIMEFOLIO 미국S&P500액티브,KOSPI
500016,신한 금 선물 ETN(H),KOSPI
472830,RISE 미국30년국채커버드콜(합성),KOSPI
0015B0,KoAct 미국나스닥성장기업액티브,KOSPI
700022,하나 Solactive US Tech Top 10 ETN(H),KOSPI
008420,문배철강,KOSPI
025560,미래산업,KOSPI
003475,유안타증권우,KOSPI
496770,PLUS 글로벌방산,KOSPI
453650,KODEX 미국S&P500금융,KOSPI
530134,삼성 블룸버그 인버스2X WTI원유선물 ETN B,KOSPI
530020,삼성 미국 대형 가치주 ETN,KOSPI
433500,ACE 원자력테마딥서치,KOSPI
109070,주성코퍼레이션,KOSPI
304780,HANARO 200선물레버리지,KOSPI
37550K,DL이앤씨우,KOSPI
570106,한투 레버리지일본니케이225선물 ETN(H),KOSPI
278620,PLUS 단기채권액티브,KOSPI
001465,BYC우,KOSPI
446070,유니드비티플러스,KOSPI
610007,메리츠 국채30년 ETN,KOSPI
023960,에쓰씨엔지니어링,KOSPI
145270,케이탑리츠,KOSPI
0023A0,SOL 미국양자컴퓨팅TOP10,KOSPI
003465,유화증권우,KOSPI
026940,부국철강,KOSPI
610038,메리츠 레버리지 미국채30년 ETN(H),KOSPI
237370,KODEX 배당성장채권혼합,KOSPI
476030,SOL 미국나스닥100,KOSPI
108450,ACE 삼성그룹섹터가중,KOSPI
433970,KODEX TDF2030액티브,KOSPI
0000D0,TIGER 엔비디아미국채커버드콜밸런스(합성),KOSPI
461460,PLUS 국고채10년액티브,KOSPI
448490,HANARO 32-10 국고채액티브,KOSPI
469150,ACE AI반도체포커스,KOSPI
099140,KODEX 차이나H,KOSPI
466930,SOL 자동차TOP3플러스,KOSPI
336160,RISE 금융채액티브,KOSPI
012280,영화금속,KOSPI
500020,신한 레버리지 다우존스지수 선물 ETN(H),KOSPI
357430,마스턴프리미어리츠,KOSPI
377990,TIGER Fn신재생에너지,KOSPI
530131,삼성 인버스0.5X S&P500 VIX S/T선물 ETN B,KOSPI
009460,한창제지,KOSPI
580046,KB 블룸버그 인버스2X 천연가스선물 ETN(H),KOSPI
475270,ACE 5월만기자동연장회사채AA-이상액티브,KOSPI
003535,한화투자증권우,KOSPI
051630,진양화학,KOSPI
332500,ACE 200TR,KOSPI
520087,미래에셋 레버리지 KRX 금현물 ETN,KOSPI
500018,신한 구리 선물 ETN(H),KOSPI
580021,KB 인버스 천연가스 선물 ETN,KOSPI
0053L0,TIGER 차이나휴머노이드로봇,KOSPI
0038A0,KODEX 미국휴머노이드로봇,KOSPI
414270,ACE 글로벌자율주행액티브,KOSPI
210780,TIGER 코스피고배당,KOSPI
530116,삼성 인버스 2X 나스닥 100 ETN,KOSPI
122260,KIWOOM 통안채1년,KOSPI
014130,한익스프레스,KOSPI
006570,대림통상,KOSPI
004270,남성,KOSPI
570029,한투 코스피 양매도 3% OTM ETN,KOSPI
025620,제이준코스메틱,KOSPI
332940,HANARO MSCI Korea TR,KOSPI
010640,진양폴리,KOSPI
012170,아센디오,KOSPI
433980,KODEX TDF2040액티브,KOSPI
520080,미래에셋 미국 테크&반도체 TOP3 ETN,KOSPI
049800,우진플라임,KOSPI
520088,미래에셋 S&P500 VIX S/T 선물 ETN(H),KOSPI
005360,모나미,KOSPI
023150,MH에탄올,KOSPI
520072,미래에셋 미국 AI TOP3 ETN,KOSPI
520086,미래에셋-0.5X S&P500 VIX S/T선물 ETN(H)B,KOSPI
388280,RISE 컨택트대표,KOSPI
012200,계양전기,KOSPI
530016,삼성 미국 대형 가치주 ETN(H),KOSPI
458030,WON 단기국공채액티브,KOSPI
000215,DL우,KOSPI
371470,TIGER 차이나바이오테크SOLACTIVE,KOSPI
456680,TIGER 차이나전기차레버리지(합성),KOSPI
520076,미래에셋 1.5X 천연가스 선물 ETN,KOSPI
195970,PLUS 선진국MSCI(합성 H),KOSPI
261250,KODEX 미국달러선물레버리지,KOSPI
530115,삼성 레버리지 나스닥 100 ETN,KOSPI
474590,WON 반도체밸류체인액티브,KOSPI
011090,에넥스,KOSPI
363580,KODEX 200IT TR,KOSPI
002870,신풍,KOSPI
444490,WON 미국S&P500,KOSPI
152380,KODEX 국채선물10년,KOSPI
010420,한솔PNS,KOSPI
005030,부산주공,KOSPI
494330,ACE 라이프자산주주가치액티브,KOSPI
477730,KODEX 인도타타그룹,KOSPI
396520,TIGER 차이나반도체FACTSET,KOSPI
101280,KODEX 일본TOPIX100,KOSPI
570107,한투 인버스2X일본니케이225선물 ETN(H),KOSPI
475380,RISE 글로벌리얼티인컴,KOSPI
211560,TIGER 배당성장,KOSPI
002820,SUN&L,KOSPI
024890,대원화성,KOSPI
074610,이엔플러스,KOSPI
500017,신한 은 선물 ETN(H),KOSPI
020760,일진디스플,KOSPI
143210,핸즈코퍼레이션,KOSPI
033250,체시스,KOSPI
195930,TIGER 유로스탁스50(합성 H),KOSPI
610037,메리츠 미국채30년 ETN(H),KOSPI
760016,키움 레버리지 조선TOP10 ETN,KOSPI
276970,KODEX 미국S&P500배당귀족커버드콜(합성 H),KOSPI
069640,한세엠케이,KOSPI
000760,이화산업,KOSPI
495230,KoAct 코리아밸류업액티브,KOSPI
448570,FOCUS AI코리아액티브,KOSPI
002070,비비안,KOSPI
473490,KIWOOM 글로벌AI반도체,KOSPI
123310,TIGER 인버스,KOSPI
001070,대한방직,KOSPI
005820,원림,KOSPI
337160,KODEX 200ESG,KOSPI
530104,삼성 레버리지 코스피200 선물 ETN,KOSPI
004365,세방우,KOSPI
500069,신한 레버리지 코스피 200 선물 ETN,KOSPI
138230,KIWOOM 미국달러선물,KOSPI
520074,미래에셋 미국 방위산업 TOP3 ETN,KOSPI
491220,PLUS 200TR,KOSPI
006200,한국전자홀딩스,KOSPI
090370,메타랩스,KOSPI
364990,TIGER 게임TOP10,KOSPI
700028,하나 레버리지 반도체 ETN,KOSPI
469050,RISE 미국반도체NYSE(H),KOSPI
495550,SOL 코리아밸류업TR,KOSPI
500027,신한 인버스 2X WTI원유 선물 ETN(H),KOSPI
444200,SOL KEDI메가테크액티브,KOSPI
530023,삼성 레버리지 China A50 선물 ETN(H),KOSPI
485690,RISE 미국AI밸류체인TOP3Plus,KOSPI
005257,녹십자홀딩스2우,KOSPI
368190,HANARO Fn K-뉴딜디지털플러스,KOSPI
008775,호텔신라우,KOSPI
013000,세우글로벌,KOSPI
530014,삼성 China A50 선물 ETN(H),KOSPI
520068,미래에셋 2X 홍콩H 선물 ETN,KOSPI
488720,WON 종합채권(AA-이상)액티브,KOSPI
530113,삼성 레버리지 S&P500 선물 ETN,KOSPI
005320,온타이드,KOSPI
438900,HANARO Fn K-푸드,KOSPI
438320,TIGER 차이나항셍테크레버리지(합성 H),KOSPI
001140,국보,KOSPI
461340,HANARO 글로벌생성형AI액티브,KOSPI
0041D0,KODEX 미국AI소프트웨어TOP10,KOSPI
33626L,두산퓨얼셀2우B,KOSPI
550041,N2 미국 IT TOP5 ETN(H),KOSPI
580034,KB 레버리지 FANG 플러스 ETN(H),KOSPI
352560,KODEX 미국부동산리츠(H),KOSPI
0046Y0,ACE 미국배당퀄리티,KOSPI
463300,RISE 중국본토CSI300,KOSPI
002420,세기상사,KOSPI
530119,삼성 레버리지 항셍테크 ETN(H) B,KOSPI
167860,KIWOOM 국고채10년레버리지,KOSPI
434960,DAISHIN343 K200,KOSPI
009140,경인전자,KOSPI
580056,KB 일본 로보틱스 TOP 10 ETN,KOSPI
332620,PLUS 미국장기우량회사채,KOSPI
157500,TIGER 증권,KOSPI
002690,동일제강,KOSPI
003680,한성기업,KOSPI
610064,메리츠 KAP 통안채 6개월 ETN,KOSPI
271050,KODEX WTI원유선물인버스(H),KOSPI
550093,N2 전력인프라 Top5 ETN,KOSPI
332610,PLUS 미국단기회사채(AAA~A),KOSPI
367760,RISE 5G테크,KOSPI
160580,TIGER 구리실물,KOSPI
015020,이스타코,KOSPI
300640,RISE 게임테마,KOSPI
200030,KODEX 미국S&P500산업재(합성),KOSPI
610075,메리츠 3X 레버리지 미국채10년 ETN,KOSPI
453010,PLUS KOFR금리,KOSPI
0047R0,RISE 팔란티어고정테크100,KOSPI
493420,SOL 미국배당다우존스2호,KOSPI
400570,KODEX 유럽탄소배출권선물ICE(H),KOSPI
024070,WISCOM,KOSPI
071950,코아스,KOSPI
465660,TIGER 일본반도체FACTSET,KOSPI
495040,PLUS 코리아밸류업,KOSPI
001420,태원물산,KOSPI
145210,다이나믹디자인,KOSPI
236350,TIGER 인도니프티50레버리지(합성),KOSPI
008600,윌비스,KOSPI
570104,한투 일본니케이225선물 ETN(H),KOSPI
489290,WON 미국빌리어네어,KOSPI
610069,메리츠 KAP 레버리지 일본 엔화 ETN,KOSPI
114470,KIWOOM 국고채3년,KOSPI
360140,KODEX 200롱코스닥150숏선물,KOSPI
495330,1Q 코리아밸류업,KOSPI
371450,TIGER 글로벌클라우드컴퓨팅INDXX,KOSPI
520073,미래에셋 레버리지 미국 AI TOP3 ETN,KOSPI
520081,미래에셋 2X 미국 테크&반도체 TOP3 ETN,KOSPI
500035,신한 레버리지 미국달러 선물 ETN,KOSPI
007120,미래아이앤지,KOSPI
227540,TIGER 200 헬스케어,KOSPI
298770,KODEX 한국대만IT프리미어,KOSPI
530118,삼성 코스닥 150 TR ETN,KOSPI
520082,미래에셋 미국 자율주행대표기업 ETN,KOSPI
570061,한투 레버리지 은 선물 ETN,KOSPI
481340,RISE 미국30년국채액티브,KOSPI
256440,ACE 인도네시아MSCI(합성),KOSPI
140700,KODEX 보험,KOSPI
495940,RISE 미국AI테크액티브,KOSPI
00499K,롯데지주우,KOSPI
287180,PLUS 미국나스닥테크,KOSPI
354500,ACE 코스닥150,KOSPI
271060,KODEX 3대농산물선물(H),KOSPI
486240,DAISHIN343 AI반도체&인프라액티브,KOSPI
610088,메리츠 솔랙티브 2X WTI원유 선물 ETN(H),KOSPI
520077,미래에셋 -1.5X 천연가스 선물 ETN,KOSPI
030720,동원수산,KOSPI
33637K,솔루스첨단소재1우,KOSPI
0017Y0,1Q 종합채권(AA-이상)액티브,KOSPI
610008,메리츠 레버리지 국채30년 ETN,KOSPI
326230,RISE 내수주플러스,KOSPI
700029,하나 S&P 레버리지 WTI원유 선물 ETN B,KOSPI
411860,KIWOOM 독일DAX,KOSPI
570081,한투 레버리지 코스닥150선물 ETN,KOSPI
488080,TIGER 반도체TOP10레버리지,KOSPI
520065,미래에셋 -2X 미국채울트라30년 선물 ETN,KOSPI
084870,TBH글로벌,KOSPI
580068,KB S&P 레버리지 WTI원유 선물 ETN B,KOSPI
500093,신한 블룸버그 레버리지 WTI원유선물 ETN B,KOSPI
530133,삼성 블룸버그 레버리지 WTI원유선물 ETN B,KOSPI
530106,삼성 레버리지 코스닥150 선물 ETN,KOSPI
570105,한투 인버스일본니케이225선물 ETN(H),KOSPI
700017,하나 레버리지 코스닥150 선물 ETN,KOSPI
0018C0,PLUS 고배당주위클리고정커버드콜,KOSPI
014910,성문전자,KOSPI
580057,KB 일본 컨슈머 TOP 10 ETN,KOSPI
211900,KODEX 배당성장,KOSPI
476850,KoAct 배당성장액티브,KOSPI
520047,미래에셋 인버스 2X 옥수수 선물 ETN,KOSPI
464920,PLUS 일본반도체소부장,KOSPI
453640,KODEX 미국S&P500헬스케어,KOSPI
363510,SOL KIS단기통안채,KOSPI
437350,RISE 미국단기투자등급회사채액티브,KOSPI
495750,HANARO 코리아밸류업,KOSPI
520075,미래에셋 레버리지 미국 방위산업 TOP3 ETN,KOSPI
256750,KODEX 차이나심천ChiNext(합성),KOSPI
500009,신한 다우존스지수 선물 ETN(H),KOSPI
104530,KIWOOM 고배당,KOSPI
479850,HANARO K-뷰티,KOSPI
289480,TIGER 200커버드콜,KOSPI
003495,대한항공우,KOSPI
019685,대교우B,KOSPI
760005,키움 INDXX 미국테크탑10 ETN,KOSPI
570069,한투 레버리지 플래티넘 선물 ETN,KOSPI
000040,KR모터스,KOSPI
418670,TIGER 글로벌AI사이버보안,KOSPI
610016,메리츠 레버리지 은 선물 ETN(H),KOSPI
449780,KIWOOM 미국S&P500(H),KOSPI
0007G0,PLUS 글로벌원자력밸류체인,KOSPI
479620,SOL 미국AI반도체칩메이커,KOSPI
133820,화인베스틸,KOSPI
610085,메리츠 레버리지 미국채30년 스트립 ETN(H),KOSPI
550064,N2 레버리지 은 선물 ETN(H),KOSPI
218420,KODEX 미국S&P500에너지(합성),KOSPI
580022,KB 레버리지 금 선물 ETN(H),KOSPI
520078,미래에셋 미국 제약 TOP3 ETN,KOSPI
610022,메리츠 미국채10년 ETN(H),KOSPI
272570,RISE 중장기국공채액티브,KOSPI
300950,KODEX 게임산업,KOSPI
442260,마이티 다이나믹퀀트액티브,KOSPI
009310,참엔지니어링,KOSPI
088790,진도,KOSPI
245350,TIGER 유로스탁스배당30,KOSPI
610001,메리츠 인플레이션 국채 ETN,KOSPI
442570,RISE TDF2050액티브,KOSPI
261120,TIGER 미국달러선물인버스2X,KOSPI
044380,주연테크,KOSPI
494410,PLUS 미국S&P500성장주,KOSPI
550084,N2 코스피 200 TR ETN,KOSPI
453820,KODEX 인도Nifty50레버리지(합성),KOSPI
0043Y0,TIMEFOLIO 차이나AI테크액티브,KOSPI
464610,SOL 의료기기소부장Fn,KOSPI
500023,신한 콩 선물 ETN(H),KOSPI
550089,N2 월간 레버리지 코스피 200 선물 ETN,KOSPI
610036,메리츠 인버스 2X 대표 농산물 선물 ETN(H),KOSPI
248270,TIGER S&P글로벌헬스케어(합성),KOSPI
117460,KODEX 에너지화학,KOSPI
450910,SOL 코스닥150,KOSPI
530126,삼성 코리아 밸류업 TR ETN,KOSPI
375770,KODEX 탄소효율그린뉴딜,KOSPI
276650,RISE 글로벌테크놀로지(합성 H),KOSPI
570114,한투 S&P500 VIX S/T선물 ETN(H) B,KOSPI
084670,동양고속,KOSPI
0040S0,HANARO 글로벌피지컬AI액티브,KOSPI
570117,한투 블룸버그인버스2XWTI원유선물 ETN B,KOSPI
457690,KODEX 33-06 국고채액티브,KOSPI
002025,코오롱우,KOSPI
491090,KODEX 미국테크TOP3플러스,KOSPI
457700,KODEX 53-09 국고채액티브,KOSPI
497780,KoAct 미국천연가스인프라액티브,KOSPI
250730,RISE 차이나HSCEI(H),KOSPI
005110,한창,KOSPI
0022T0,SOL 골드커버드콜액티브,KOSPI
394350,KIWOOM 글로벌퓨처모빌리티,KOSPI
001685,대상우,KOSPI
500040,신한 레버리지 구리 선물 ETN,KOSPI
440910,WON 미국우주항공방산,KOSPI
520050,미래에셋 인버스 2X 원유선물혼합 ETN(H),KOSPI
700012,하나 인버스 2X 옥수수 선물 ETN(H),KOSPI
463680,KODEX 미국S&P500테크놀로지,KOSPI
352540,KODEX 일본부동산리츠(H),KOSPI
169950,KODEX 차이나A50,KOSPI
483330,ACE 마이크로소프트밸류체인액티브,KOSPI
292190,KODEX KRX300,KOSPI
387270,TIGER 글로벌이노베이션액티브,KOSPI
550074,N2 블룸버그 2X 천연가스 선물 ETN(H),KOSPI
550086,N2 미국달러 SOFR금리 플러스 ETN,KOSPI
491830,TIGER 미국AI반도체팹리스,KOSPI
261070,TIGER 코스닥150바이오테크,KOSPI
0067Y0,TIGER 차이나AI소프트웨어,KOSPI
419430,KODEX 차이나2차전지MSCI(합성),KOSPI
252400,RISE 200선물레버리지,KOSPI
292770,KODEX 국채선물3년인버스,KOSPI
001770,SHD,KOSPI
139270,TIGER 200 금융,KOSPI
0005D0,SOL 전고체배터리&실리콘음극재,KOSPI
530130,삼성 S&P500 VIX S/T 선물 ETN B,KOSPI
0041E0,KODEX 미국S&P500액티브,KOSPI
243880,TIGER 200IT레버리지,KOSPI
483340,ACE 구글밸류체인액티브,KOSPI
395150,KODEX 웹툰&드라마,KOSPI
010400,우진아이엔에스,KOSPI
0019K0,TIMEFOLIO 미국나스닥100채권혼합50액티브,KOSPI
570047,한투 FTSE100 ETN,KOSPI
500091,신한 33-12 국고채 플러스 ETN,KOSPI
385590,ACE ESG액티브,KOSPI
276990,KODEX 글로벌로봇(합성),KOSPI
307510,TIGER 의료기기,KOSPI
760013,키움 레버리지 반도체TOP10 ETN,KOSPI
139250,TIGER 200 에너지화학,KOSPI
610018,메리츠 국채10년 ETN,KOSPI
610067,메리츠 블룸버그 2X 천연가스선물 ETN(H) B,KOSPI
409810,KODEX 미국나스닥100선물인버스(H),KOSPI
0000H0,KODEX 인도Nifty미드캡100,KOSPI
152550,한국ANKOR유전,KOSPI
580067,KB 인디아 디지털 Select 5 ETN,KOSPI
570102,한투 레버리지 나스닥100 ETN B,KOSPI
410870,TIMEFOLIO K컬처액티브,KOSPI
18064K,한진칼우,KOSPI
196030,ACE 일본TOPIX레버리지(H),KOSPI
500090,신한 2X 26-05 공사채(AAA) ETN,KOSPI
0028X0,KODEX 미국금융테크액티브,KOSPI
500088,신한 2X 26-05 은행채(AAA) ETN,KOSPI
570072,한투 레버리지 구리 선물 ETN,KOSPI
570055,한투 금 선물 ETN,KOSPI
700013,하나 레버리지 콩 선물 ETN(H),KOSPI
025890,한국주강,KOSPI
500089,신한 26-05 공사채(AAA) ETN,KOSPI
500087,신한 26-05 은행채(AAA) ETN,KOSPI
468630,KODEX iShares미국투자등급회사채액티브,KOSPI
002355,넥센타이어1우B,KOSPI
550098,N2 인버스 2X 코스닥150 선물 ETN,KOSPI
610047,메리츠 인버스 국채3년 ETN,KOSPI
491700,HK 200,KOSPI
520037,미래에셋 코스피200 선물 ETN,KOSPI
266370,KODEX IT,KOSPI
438560,SOL 국고채3년,KOSPI
483240,TIGER 미국나스닥100ETF선물,KOSPI
530129,삼성 인버스 2X 미국다우존스 선물 ETN,KOSPI
459560,KODEX 테슬라밸류체인FactSet,KOSPI
447660,PLUS 애플채권혼합,KOSPI
0010E0,ACE FTSE WGBI Korea,KOSPI
580066,KB 인디아 대형 성장주 Select 5 ETN,KOSPI
453950,TIGER TSMC파운드리밸류체인,KOSPI
015260,에이엔피,KOSPI
459790,KIWOOM 미국성장기업30액티브,KOSPI
760004,키움 인버스 미국달러선물 ETN,KOSPI
429760,PLUS 미국S&P500,KOSPI
580048,KB CSI 300 ETN,KOSPI
494840,TIGER 미국방산TOP10,KOSPI
500014,신한 인버스 옥수수 선물 ETN(H),KOSPI
550087,N2 선진국 1등주 ETN,KOSPI
108675,LX하우시스우,KOSPI
238720,ACE 일본Nikkei225(H),KOSPI
530124,삼성 레버리지 일본니케이225선물 ETN(H),KOSPI
0052S0,1Q 미국S&P500미국채혼합50액티브,KOSPI
550097,N2 레버리지 코스닥150 선물 ETN,KOSPI
570054,한투 레버리지 유로스탁스50 ETN(H) B,KOSPI
483570,KCGI 미국S&P500 TOP10,KOSPI
760008,키움 코스닥 150 TR ETN,KOSPI
520039,미래에셋 코스닥150 선물 ETN,KOSPI
520038,미래에셋 인버스 코스피200 선물 ETN,KOSPI
500061,신한 인버스 코스피 200 선물 ETN,KOSPI
445690,BNK 주주가치액티브,KOSPI
580049,KB CSI 500 ETN,KOSPI
550085,N2 코스닥 150 TR ETN,KOSPI
269420,KODEX S&P글로벌인프라(합성),KOSPI
610028,메리츠 레버리지 구리 선물 ETN(H),KOSPI
117680,KODEX 철강,KOSPI
489000,PLUS 일본엔화초단기국채(합성),KOSPI
550069,N2 레버리지 구리 선물 ETN(H),KOSPI
530063,삼성 레버리지 구리 선물 ETN(H),KOSPI
130680,TIGER 원유선물Enhanced(H),KOSPI
580039,KB 레버리지 KOSPI 200 선물 ETN,KOSPI
610003,메리츠 미국 인플레이션 국채 ETN(H),KOSPI
000087,하이트진로2우B,KOSPI
371870,ACE 차이나항셍테크,KOSPI
570065,한투 레버리지 베트남 VN30 선물 ETN(H),KOSPI
494420,PLUS 미국배당증가성장주데일리커버드콜,KOSPI
700020,하나 블룸버그 -2X 천연가스 선물 ETN(H),KOSPI
530083,삼성 금 선물 ETN(H),KOSPI
610054,메리츠 블룸버그 -2X 천연가스 선물 ETN(H),KOSPI
009440,KC그린홀딩스,KOSPI
550088,N2 월간 레버리지 선진국 1등주 ETN,KOSPI
475300,SOL 반도체전공정,KOSPI
428510,KODEX 차이나AI테크액티브,KOSPI
407820,에셋플러스 코리아플랫폼액티브,KOSPI
0015F0,KIWOOM 팔란티어미국30년국채혼합액티브(H),KOSPI
610044,메리츠 인버스 천연가스 선물 ETN(H),KOSPI
520053,미래에셋 인버스 천연가스 선물 ETN(H),KOSPI
213630,PLUS 미국다우존스고배당주(합성 H),KOSPI
341850,TIGER 리츠부동산인프라채권,KOSPI
122090,PLUS 코스피50,KOSPI
007815,코리아써우,KOSPI
306950,KODEX KRX300레버리지,KOSPI
580047,KB 레버리지 항셍테크 선물 ETN(H) B,KOSPI
491510,파워 K-주주가치액티브,KOSPI
440650,ACE 미국달러단기채권액티브,KOSPI
451600,PLUS 국고채30년액티브,KOSPI
35320K,대덕전자1우,KOSPI
530125,삼성 인버스 2X 일본니케이225선물 ETN(H),KOSPI
610040,메리츠 인버스 2X 미국채30년 ETN(H),KOSPI
520055,미래에셋 인버스 2X 코스피200 선물 ETN,KOSPI
472350,1Q 차이나H(H),KOSPI
354240,RISE 미국고정배당우선증권,KOSPI
239660,PLUS 우량회사채50,KOSPI
520083,미래에셋 2X 미국 자율주행대표기업 ETN,KOSPI
530128,삼성 레버리지 미국다우존스 선물 ETN,KOSPI
510027,대신 인버스 2X 코스닥 150 선물 ETN,KOSPI
510029,대신 S&P 인버스 2X 천연가스 선물 ETN,KOSPI
385520,KODEX 자율주행액티브,KOSPI
580044,KB 인버스 2X KOSDAQ 150 선물 ETN,KOSPI
459750,RISE 글로벌주식분산액티브,KOSPI
461260,ACE 25-06 회사채(AA-이상)액티브,KOSPI
472720,TRUSTON 주주가치액티브,KOSPI
422260,VITA MZ소비액티브,KOSPI
580055,KB 블룸버그 레버리지 천연가스 선물 ETN,KOSPI
219390,RISE 미국S&P원유생산기업(합성 H),KOSPI
500063,신한 인버스 코스닥 150 선물 ETN,KOSPI
33637L,솔루스첨단소재2우B,KOSPI
520040,미래에셋 인버스 코스닥150 선물 ETN,KOSPI
277540,ACE 아시아TOP50S&P,KOSPI
0049M0,ACE 미국배당퀄리티+커버드콜액티브,KOSPI
580052,KB 인버스 2X 밀 선물 ETN,KOSPI
510016,대신 천연가스 선물 ETN(H),KOSPI
001795,대한제당우,KOSPI
500013,신한 옥수수 선물 ETN(H),KOSPI
0013R0,RISE 테슬라미국채타겟커버드콜혼합(합성),KOSPI
008500,일정실업,KOSPI
417630,TIGER KEDI혁신기업ESG30,KOSPI
280320,ACE 미국IT인터넷S&P(합성 H),KOSPI
204210,스타에스엠리츠,KOSPI
354350,HANARO 글로벌럭셔리S&P(합성),KOSPI
140950,파워 코스피100,KOSPI
290080,RISE 200고배당커버드콜ATM,KOSPI
265690,ACE 러시아MSCI(합성),KOSPI
610025,메리츠 인버스 2X 미국채10년 ETN(H),KOSPI
448630,RISE 삼성그룹Top3채권혼합,KOSPI
491820,HANARO 전력설비투자,KOSPI
250780,TIGER 코스닥150선물인버스,KOSPI
500024,신한 인버스 콩 선물 ETN(H),KOSPI
183700,RISE 채권혼합,KOSPI
381560,HANARO Fn전기&수소차,KOSPI
304770,HANARO 코스닥150,KOSPI
0036D0,TIMEFOLIO 미국배당다우존스액티브,KOSPI
316670,KIWOOM 코스닥150,KOSPI
365040,TIGER AI코리아그로스액티브,KOSPI
570057,한투 은 선물 ETN,KOSPI
415340,KODEX 차이나과창판STAR50(합성),KOSPI
0049K0,ACE 미국배당퀄리티채권혼합50,KOSPI
440340,TIGER 글로벌멀티에셋TIF액티브,KOSPI
570115,한투 인버스0.5X S&P500 VIX S/T선물 ETN B,KOSPI
520084,미래에셋 -2X 미국 자율주행대표기업 ETN,KOSPI
467620,KIWOOM 25-09 미국채권(AA-이상)액티브,KOSPI
474920,에셋플러스 차이나일등기업포커스10액티브,KOSPI
475310,SOL 반도체후공정,KOSPI
005725,넥센우,KOSPI
225800,KIWOOM 미국달러선물레버리지,KOSPI
102960,KODEX 기계장비,KOSPI
530112,삼성 S&P500 ETN,KOSPI
520085,미래에셋 -2X 미국 AI TOP3 ETN,KOSPI
396510,TIGER 차이나클린에너지SOLACTIVE,KOSPI
500028,신한 인버스 2X 다우존스지수 선물 ETN(H),KOSPI
469160,ACE 일본반도체,KOSPI
241390,RISE V&S셀렉트밸류채권혼합,KOSPI
266410,KODEX 필수소비재,KOSPI
494180,TIMEFOLIO 글로벌소비트렌드액티브,KOSPI
300610,TIGER K게임,KOSPI
580054,KB 인버스 2X 콩 선물 ETN,KOSPI
253290,RISE 헬스케어채권혼합,KOSPI
261140,TIGER 우선주,KOSPI
084695,대상홀딩스우,KOSPI
337140,KODEX 코스피대형주,KOSPI
760017,키움 조선TOP10 ETN,KOSPI
137610,TIGER 농산물선물Enhanced(H),KOSPI
225130,ACE 골드선물 레버리지(합성 H),KOSPI
0040Y0,SOL 팔란티어커버드콜OTM채권혼합,KOSPI
252420,RISE 200선물인버스2X,KOSPI
610039,메리츠 인버스 미국채30년 ETN(H),KOSPI
428560,KODEX 미국ETF산업Top10 Indxx,KOSPI
494340,ACE 글로벌AI맞춤형반도체,KOSPI
463640,KODEX 미국S&P500유틸리티,KOSPI
140910,에이리츠,KOSPI
004255,NPC우,KOSPI
570073,한투 인버스 2X 구리 선물 ETN,KOSPI
530089,삼성 은 선물 ETN(H),KOSPI
460660,RISE 미국S&P배당킹,KOSPI
530121,삼성 항셍테크 ETN(H) B,KOSPI
520052,미래에셋 천연가스 선물 ETN(H),KOSPI
185680,KODEX 미국S&P바이오(합성),KOSPI
580043,KB 레버리지 KOSDAQ 150 선물 ETN,KOSPI
000885,한화우,KOSPI
000075,삼양홀딩스우,KOSPI
496130,TRUSTON 코리아밸류업액티브,KOSPI
387280,TIGER 퓨처모빌리티액티브,KOSPI
0000Z0,RISE 바이오TOP10액티브,KOSPI
371150,RISE 차이나항셍테크,KOSPI
520064,미래에셋 2X 미국채울트라30년 선물 ETN,KOSPI
38380K,LX홀딩스1우,KOSPI
700014,하나 인버스 2X 콩 선물 ETN(H),KOSPI
570100,한투 일본종합상사TOP5 ETN,KOSPI
469060,RISE 미국반도체NYSE,KOSPI
457990,PLUS 태양광&ESS,KOSPI
001067,JW중외제약2우B,KOSPI
138910,KODEX 구리선물(H),KOSPI
145995,삼양사우,KOSPI
395280,HANARO Fn K-게임,KOSPI
385600,ACE 2차전지&친환경차액티브,KOSPI
610024,메리츠 인버스 미국채10년 ETN(H),KOSPI
100910,KIWOOM KRX100,KOSPI
472840,ITF 200,KOSPI
530056,삼성 인버스 2X 금 선물 ETN(H),KOSPI
610089,메리츠 솔랙티브 -2X WTI원유 선물 ETN(H),KOSPI
570071,한투 구리 선물 ETN,KOSPI
494220,UNICORN SK하이닉스밸류체인액티브,KOSPI
461900,PLUS 미국테크TOP10,KOSPI
295020,RISE 국채선물10년인버스,KOSPI
760006,키움 KPOP ETN,KOSPI
275300,KODEX MSCI퀄리티,KOSPI
495060,TIMEFOLIO 코리아밸류업액티브,KOSPI
520043,미래에셋 S&P 유럽탄소배출권 선물 ETN,KOSPI
455660,ACE 미국하이일드액티브(H),KOSPI
276000,TIGER 글로벌자원생산기업(합성 H),KOSPI
446700,RISE 배터리 리사이클링,KOSPI
520079,미래에셋 레버리지 미국 제약 TOP3 ETN,KOSPI
500011,신한 달러인덱스 선물 ETN(H),KOSPI
530114,삼성 인버스 2X S&P500 선물 ETN,KOSPI
217780,TIGER 차이나CSI300인버스(합성),KOSPI
275280,KODEX MSCI모멘텀,KOSPI
152500,ACE 레버리지,KOSPI
156080,KODEX MSCI Korea,KOSPI
435040,ACE 글로벌브랜드TOP10블룸버그,KOSPI
500085,신한 코스피 200 TR ETN,KOSPI
291130,ACE 멕시코MSCI(합성),KOSPI
465670,TIGER 미국캐시카우100,KOSPI
114460,ACE 국고채3년,KOSPI
530117,삼성 코스피 200 TR ETN,KOSPI
451670,RISE 국채30년레버리지(합성),KOSPI
419650,PLUS 글로벌수소&차세대연료전지,KOSPI
0040X0,SOL 팔란티어미국채커버드콜혼합,KOSPI
580051,KB 레버리지 밀 선물 ETN,KOSPI
004105,태양금속우,KOSPI
433880,PLUS TDF2060액티브,KOSPI
468370,KODEX iShares미국인플레이션국채액티브,KOSPI
580026,KB 레버리지 은 선물 ETN(H),KOSPI
417450,RISE 글로벌수소경제,KOSPI
456250,KODEX 유럽명품TOP10 STOXX,KOSPI
570066,한투 인버스 2X 베트남 VN30 선물 ETN(H),KOSPI
226980,KODEX 200 중소형,KOSPI
610087,메리츠 솔랙티브 WTI원유 선물 ETN(H),KOSPI
003075,코오롱글로벌우,KOSPI
461910,PLUS 미국테크TOP10레버리지(합성),KOSPI
0021E0,ACE TDF2050액티브,KOSPI
580019,KB 인버스 2X 항셍테크 선물 ETN,KOSPI
461450,KODEX 코스닥글로벌,KOSPI
570052,한투 플래티넘 선물 ETN,KOSPI
510015,대신 밀 선물 ETN(H),KOSPI
337150,KODEX 200exTOP,KOSPI
433220,에셋플러스 글로벌대장장이액티브,KOSPI
310080,RISE 중국MSCI China(H),KOSPI
230480,KIWOOM 미국달러선물인버스2X,KOSPI
550070,N2 인버스 레버리지 구리 선물 ETN(H),KOSPI
0001P0,마이티 바이오시밀러&CDMO액티브,KOSPI
610029,메리츠 인버스 2X 구리 선물 ETN(H),KOSPI
700030,하나 S&P 인버스 2X WTI원유 선물 ETN B,KOSPI
117690,TIGER 차이나항셍30,KOSPI
449690,TIGER 한중반도체(합성),KOSPI
453060,HANARO KOFR금리액티브(합성),KOSPI
580069,KB S&P 인버스 2X WTI원유 선물 ETN B,KOSPI
520046,미래에셋 레버리지 옥수수 선물 ETN,KOSPI
500094,신한 블룸버그 인버스2X WTI원유선물 ETN B,KOSPI
195920,TIGER 일본TOPIX(합성 H),KOSPI
285690,FOCUS ESG리더스,KOSPI
391600,ACE 미국친환경그린테마INDXX,KOSPI
570099,한투 S&P 인버스 2X 엔달러 선물 ETN(H),KOSPI
442090,에셋플러스 코리아대장장이액티브,KOSPI
610081,메리츠 레버리지 멕시코 페소화 ETN,KOSPI
610009,메리츠 인버스 국채30년 ETN,KOSPI
430500,KIWOOM 물가채KIS,KOSPI
610049,메리츠 국채5년 ETN,KOSPI
0066W0,SOL 국제금,KOSPI
223190,KODEX 200가치저변동,KOSPI
610059,메리츠 3X 레버리지 국채10년 ETN,KOSPI
004835,덕성우,KOSPI
530120,삼성 나스닥 100 ETN,KOSPI
500080,신한 S&P 레버리지 유로 선물 ETN(H),KOSPI
520061,미래에셋 인도네시아 Top5 ETN,KOSPI
610057,메리츠 3X 레버리지 국채5년 ETN,KOSPI
000225,유유제약1우,KOSPI
105780,RISE 5대그룹주,KOSPI
530132,삼성 블룸버그 WTI원유 선물 ETN B,KOSPI
269370,TIGER S&P글로벌인프라(합성),KOSPI
610072,메리츠 KAP 레버리지 중국 위안화 ETN,KOSPI
484890,SOL 머니마켓액티브,KOSPI
477490,에셋플러스 글로벌일등기업포커스10액티브,KOSPI
091220,TIGER 은행,KOSPI
500078,신한 S&P 유로 선물 ETN(H),KOSPI
610045,메리츠 국채3년 ETN,KOSPI
610055,메리츠 3X 레버리지 국채3년 ETN,KOSPI
530095,삼성 구리 선물 ETN(H),KOSPI
610035,메리츠 레버리지 대표 농산물 선물 ETN(H),KOSPI
570074,한투 S&P 유럽탄소배출권 선물 ETN(H),KOSPI
159800,마이티 코스피100,KOSPI
487950,KODEX 대만테크고배당다우존스,KOSPI
145850,TREX 펀더멘탈 200,KOSPI
610030,메리츠 S&P 유럽탄소배출권 선물 ETN(H),KOSPI
451150,에셋플러스 글로벌영에이지액티브,KOSPI
104520,KIWOOM 블루칩,KOSPI
453630,KODEX 미국S&P500필수소비재,KOSPI
483420,ACE 애플밸류체인액티브,KOSPI
610071,메리츠 KAP 중국 위안화 ETN,KOSPI
610080,메리츠 멕시코 페소화 ETN,KOSPI
006345,대원전선우,KOSPI
700027,하나 반도체 ETN,KOSPI
45014K,코오롱모빌리티그룹우,KOSPI
138530,TIGER LG그룹+펀더멘털,KOSPI
500056,신한 레버리지 Russell 2000 ETN,KOSPI
376410,TIGER 탄소효율그린뉴딜,KOSPI
379790,RISE 유로스탁스50(H),KOSPI
305050,ACE 코스피,KOSPI
496120,ACE 코리아밸류업,KOSPI
550096,N2 레버리지 국채30년 ETN,KOSPI
453660,KODEX 미국S&P500경기소비재,KOSPI
610074,메리츠 미국채10년 ETN,KOSPI
445910,TIGER MKF배당귀족,KOSPI
570108,한투 레버리지국채30년 ETN,KOSPI
140710,KODEX 운송,KOSPI
610020,메리츠 인버스 국채10년 ETN,KOSPI
432840,HANARO 미국S&P500,KOSPI
570063,한투 베트남 VN30 선물 ETN(H),KOSPI
570092,한투 인버스 2X 유로스탁스50 ETN(H) B,KOSPI
610086,메리츠 인버스2X 미국채30년 스트립 ETN(H),KOSPI
322410,HANARO 고배당,KOSPI
500079,신한 S&P 인버스 유로 선물 ETN(H),KOSPI
0018Z0,RISE 미국양자컴퓨팅,KOSPI
487920,ACE 인도시장대표BIG5그룹액티브,KOSPI
404260,KODEX 기후변화솔루션,KOSPI
463690,KODEX 미국S&P500커뮤니케이션,KOSPI
580014,KB 인버스 2X 나스닥 100 ETN,KOSPI
610068,메리츠 KAP 일본 엔화 ETN,KOSPI
550095,N2 레버리지 국채10년 ETN,KOSPI
0036R0,RISE 미국휴머노이드로봇,KOSPI
570085,한투 블룸버그 인도네시아 대표원자재 ETN,KOSPI
00806K,대덕1우,KOSPI
700011,하나 레버리지 옥수수 선물 ETN(H),KOSPI
147970,TIGER 모멘텀,KOSPI
001065,JW중외제약우,KOSPI
580059,KB 미국채 10년 ETN,KOSPI
610082,메리츠 인도 루피화 ETN,KOSPI
253150,PLUS 200선물레버리지,KOSPI
570096,한투 인버스 2X 일본 엔선물 ETN,KOSPI
281990,RISE 중소형고배당,KOSPI
610077,메리츠 미국채30년 ETN,KOSPI
0020H0,KoAct 글로벌양자컴퓨팅액티브,KOSPI
0002C0,에셋플러스 인도일등기업포커스20액티브,KOSPI
0036Z0,RISE 미국천연가스밸류체인,KOSPI
610083,메리츠 레버리지 인도 루피화 ETN,KOSPI
0005C0,RISE 미국S&P500엔화노출(합성 H),KOSPI
498610,RISE 인도디지털성장,KOSPI
131890,ACE 삼성그룹동일가중,KOSPI
530123,삼성 일본니케이225선물 ETN(H),KOSPI
610070,메리츠 KAP 인버스 2X 일본 엔화 ETN,KOSPI
0021C0,ACE 장기자산배분액티브,KOSPI
253250,KIWOOM 200선물레버리지,KOSPI
452440,VITA 밸류알파액티브,KOSPI
473640,HANARO 글로벌금채굴기업,KOSPI
500086,신한 코스닥 150 TR ETN,KOSPI
0021D0,ACE TDF2030액티브,KOSPI
610051,메리츠 인버스 국채5년 ETN,KOSPI
580064,KB 인버스 2X 미국채 10년 선물 ETN,KOSPI
385710,TIMEFOLIO K이노베이션액티브,KOSPI
500055,신한 인버스 Russell 2000 ETN,KOSPI
0051A0,KoAct 브로드컴밸류체인액티브,KOSPI
580060,KB 레버리지 미국채 10년 ETN,KOSPI
284980,RISE 200금융,KOSPI
457930,BNK 미래전략기술액티브,KOSPI
0005G0,ITF K-AI반도체코어테크,KOSPI
0015E0,KIWOOM 엔비디아미국30년국채혼합액티브(H),KOSPI
500081,신한 S&P 인버스 2X 유로 선물 ETN(H),KOSPI
570053,한투 인버스 플래티넘 선물 ETN,KOSPI
530135,삼성 인버스 China A50 선물 ETN(H) B,KOSPI
580063,KB 레버리지 미국채 10년 선물 ETN,KOSPI
181480,ACE 미국부동산리츠(합성 H),KOSPI
760019,키움 리츠부동산인프라 ETN,KOSPI
215620,HK S&P코리아로우볼,KOSPI
275290,KODEX MSCI밸류,KOSPI
269530,PLUS S&P글로벌인프라,KOSPI
482870,HANARO 주주가치성장코리아액티브,KOSPI
404120,TIMEFOLIO K신재생에너지액티브,KOSPI
0023B0,PLUS 미국양자컴퓨팅TOP10,KOSPI
400590,SOL 글로벌탄소배출권선물ICE(합성),KOSPI
610079,메리츠 인버스 3X 미국채30년 ETN,KOSPI
610056,메리츠 인버스 3X 국채3년 ETN,KOSPI
580065,KB 코스닥 150 TR ETN,KOSPI
450190,KODEX 한중반도체(합성),KOSPI
471780,TIGER 코리아테크액티브,KOSPI
292500,SOL KRX300,KOSPI
364690,KODEX 혁신기술테마액티브,KOSPI
570094,한투 일본 엔선물 ETN C,KOSPI
480460,WON 한국부동산TOP3플러스,KOSPI
460270,KIWOOM 미국달러SOFR금리액티브(합성),KOSPI
0035T0,PLUS 글로벌휴머노이드로봇액티브,KOSPI
494210,SOL 미국500타겟커버드콜액티브,KOSPI
395760,PLUS ESG성장주액티브,KOSPI
292160,TIGER KRX300,KOSPI
760020,키움 레버리지 리츠부동산인프라 ETN,KOSPI
225060,TIGER 이머징마켓MSCI레버리지(합성 H),KOSPI
500012,신한 인버스 달러인덱스 선물 ETN(H),KOSPI
580061,KB 미국채 30년 ETN,KOSPI
610076,메리츠 인버스 3X 미국채10년 ETN,KOSPI
570110,한투 3X레버리지국채30년 ETN,KOSPI
448100,WON 200,KOSPI
610084,메리츠 미국채30년 스트립 ETN(H),KOSPI
610058,메리츠 인버스 3X 국채5년 ETN,KOSPI
500041,신한 인버스 2X 구리 선물 ETN,KOSPI
530127,삼성 미국다우존스 ETN,KOSPI
610073,메리츠 KAP 인버스 2X 중국 위안화 ETN,KOSPI
530092,삼성 인버스 코스피 200 선물 ETN,KOSPI
530096,삼성 인버스 구리 선물 ETN(H),KOSPI
0047N0,PLUS 차이나AI테크TOP10,KOSPI
261110,TIGER 미국달러선물레버리지,KOSPI
580032,KB 레버리지 구리 선물 ETN(H),KOSPI
570101,한투 인버스 나스닥100 ETN B,KOSPI
390400,KODEX 미국스마트모빌리티S&P,KOSPI
001755,한양증권우,KOSPI
474390,SOL 국고채30년액티브,KOSPI
004985,성신양회우,KOSPI
413930,WON AI ESG액티브,KOSPI
570097,한투 S&P 엔달러 선물 ETN(H),KOSPI
375760,HANARO 탄소효율그린뉴딜,KOSPI
570064,한투 인버스 베트남 VN30 선물 ETN(H),KOSPI
498860,RISE 코리아금융고배당,KOSPI
500036,신한 인버스 2X 미국달러 선물 ETN,KOSPI
449580,RISE 테슬라애플아마존채권혼합,KOSPI
183710,RISE 주식혼합,KOSPI
429740,PLUS K리츠,KOSPI
610032,메리츠 CSI 300 ETN,KOSPI
474800,KIWOOM 미국원유에너지기업,KOSPI
475070,KoAct 글로벌친환경전력인프라액티브,KOSPI
499150,SOL 미국S&P500엔화노출(H),KOSPI
337120,KODEX 멀티팩터,KOSPI
139320,TIGER 금은선물(H),KOSPI
530060,삼성 코스피 양매도 5% OTM ETN,KOSPI
610034,메리츠 대표 농산물 선물 ETN(H),KOSPI
580050,KB STAR 50 ETN,KOSPI
419420,KODEX 미국클린에너지나스닥,KOSPI
424460,HANARO 글로벌워터MSCI(합성),KOSPI
446690,KODEX 아시아AI반도체exChina액티브,KOSPI
289260,TIGER MSCI KOREA ESG리더스,KOSPI
570058,한투 인버스 은 선물 ETN,KOSPI
001515,SK증권우,KOSPI
229720,KODEX KTOP30,KOSPI
000325,노루홀딩스우,KOSPI
610060,메리츠 인버스 3X 국채10년 ETN,KOSPI
530062,삼성 인버스 2X 은 선물 ETN(H),KOSPI
442560,RISE TDF2040액티브,KOSPI
570095,한투 레버리지 일본 엔선물 ETN C,KOSPI
530105,삼성 인버스 2X 코스피200 선물 ETN,KOSPI
500070,신한 인버스 2X 코스피 200 선물 ETN,KOSPI
153270,KIWOOM 코스피100,KOSPI
580035,KB S&P 유럽탄소배출권 선물 ETN(H),KOSPI
580062,KB 레버리지 미국채 30년 ETN,KOSPI
760015,키움 레버리지 바이오TOP10 ETN,KOSPI
368680,KODEX K-뉴딜디지털플러스,KOSPI
530064,삼성 인버스 2X 구리 선물 ETN(H),KOSPI
251590,PLUS 고배당저변동50,KOSPI
0008E0,ACE 미국중심중소형제조업,KOSPI
570111,한투 3X레버리지미국채30년 ETN,KOSPI
570060,한투 인버스 2X 금 선물 ETN,KOSPI
570109,한투 레버리지미국채30년 ETN,KOSPI
217770,TIGER 원유선물인버스(H),KOSPI
289040,KODEX MSCI KOREA ESG유니버설,KOSPI
108590,TREX 200,KOSPI
530094,삼성 인버스 코스닥 150 선물 ETN,KOSPI
0015K0,TIGER 미국소비트렌드액티브,KOSPI
0057H0,PLUS 미국S&P500미국채혼합50액티브,KOSPI
182490,TIGER 단기선진하이일드(합성 H),KOSPI
26490K,크라운제과우,KOSPI
570056,한투 인버스 금 선물 ETN,KOSPI
438740,마이다스 중소형액티브,KOSPI
498050,HANARO 바이오코리아액티브,KOSPI
500067,신한 레버리지 10년 국채선물 ETN,KOSPI
225050,TIGER 유로스탁스레버리지(합성 H),KOSPI
491630,RISE 미국반도체인버스(합성 H),KOSPI
497520,ACE 일라이릴리밸류체인,KOSPI
237440,TIGER 경기방어채권혼합,KOSPI
462340,에셋플러스 글로벌다이나믹시니어액티브,KOSPI
570098,한투 S&P 레버리지 엔달러 선물 ETN(H),KOSPI
227830,PLUS 코스피,KOSPI
570070,한투 인버스 2X 플래티넘 선물 ETN,KOSPI
0013P0,RISE 미국은행TOP10,KOSPI
497510,ACE 글로벌빅파마,KOSPI
270800,RISE KQ고배당,KOSPI
570091,한투 인버스 유로스탁스50 ETN(H) C,KOSPI
375270,RISE 글로벌데이터센터리츠(합성),KOSPI
464600,SOL 자동차소부장Fn,KOSPI
550043,N2 인버스 레버리지 WTI원유 선물 ETN(H),KOSPI
510037,대신 S&P 2X 천연가스 선물 ETN B,KOSPI
469790,KIWOOM K-테크TOP10,KOSPI
234310,RISE V&S셀렉트밸류,KOSPI
227570,TIGER 우량가치,KOSPI
267440,RISE 미국장기국채선물(H),KOSPI
174350,TIGER 로우볼,KOSPI
277640,TIGER 코스피대형주,KOSPI
400580,SOL 유럽탄소배출권선물S&P(H),KOSPI
360150,KODEX 코스닥150롱코스피200숏선물,KOSPI
460280,KIWOOM Fn유전자혁신기술,KOSPI
140580,RISE 우량업종대표주,KOSPI
315270,TIGER 200커뮤니케이션서비스,KOSPI
289250,TIGER MSCI KOREA ESG유니버설,KOSPI
488290,마이다스 일본테크액티브,KOSPI
192720,파워 고배당저변동성,KOSPI
520069,미래에셋 -2X 홍콩H 선물 ETN(H),KOSPI
500010,신한 인버스 다우존스지수 선물 ETN(H),KOSPI
415760,SOL 차이나육성산업액티브(합성),KOSPI
411540,SOL 200 Top10,KOSPI
244620,KODEX 모멘텀Plus,KOSPI
435550,KIWOOM TDF2050액티브,KOSPI
253280,RISE 헬스케어,KOSPI
225030,TIGER 미국S&P500선물인버스(H),KOSPI
610013,메리츠 인버스 2X 금 선물 ETN(H),KOSPI
404650,SOL KRX기후변화솔루션,KOSPI
45226K,한화갤러리아우,KOSPI
0050E0,PLUS 미국AI에이전트,KOSPI
279540,KODEX 최소변동성,KOSPI
435540,KIWOOM TDF2040액티브,KOSPI
090355,노루페인트우,KOSPI
442550,RISE TDF2030액티브,KOSPI
227560,TIGER 200 생활소비재,KOSPI
500068,신한 인버스 2X 10년 국채선물 ETN,KOSPI
464060,HANARO 글로벌반도체TOP10 SOLACTIVE,KOSPI
483020,KIWOOM 의료AI,KOSPI
166400,TIGER 200커버드콜OTM,KOSPI
442580,PLUS 글로벌HBM반도체,KOSPI
550063,N2 인버스 레버리지 금 선물 ETN(H),KOSPI
610043,메리츠 천연가스 선물 ETN(H),KOSPI
580053,KB 레버리지 콩 선물 ETN,KOSPI
292050,RISE KRX300,KOSPI
298340,PLUS 국채선물3년,KOSPI
610033,메리츠 STAR 50 ETN,KOSPI
007575,일양약품우,KOSPI
252650,KODEX 200동일가중,KOSPI
429010,TIGER 미국나스닥넥스트100,KOSPI
488480,RISE 일본섹터TOP4Plus,KOSPI
760014,키움 바이오TOP10 ETN,KOSPI
570062,한투 인버스 2X 은 선물 ETN,KOSPI
489860,KIWOOM 글로벌전력GRID인프라,KOSPI
530090,삼성 인버스 은 선물 ETN(H),KOSPI
267490,RISE 미국장기국채선물레버리지(합성 H),KOSPI
488200,KIWOOM K-2차전지북미공급망,KOSPI
530122,삼성 인버스 2X 항셍테크 ETN(H) B,KOSPI
435530,KIWOOM TDF2030액티브,KOSPI
449680,TIGER 한중전기차(합성),KOSPI
530084,삼성 인버스 금 선물 ETN(H),KOSPI
176950,KODEX 국채선물10년인버스,KOSPI
404540,TIGER KRX기후변화솔루션,KOSPI
380340,ACE Fn5G플러스,KOSPI
401590,HANARO 글로벌탄소배출권선물ICE(합성),KOSPI
373490,KODEX 코리아혁신성장액티브,KOSPI
760012,키움 반도체TOP10 ETN,KOSPI
228820,TIGER KTOP30,KOSPI
399580,RISE 글로벌클린에너지,KOSPI
381570,HANARO Fn친환경에너지,KOSPI
000145,하이트진로홀딩스우,KOSPI
289670,PLUS 국채선물10년,KOSPI
416090,ACE 중국과창판STAR50,KOSPI
487130,KoAct AI인프라액티브,KOSPI
316300,ACE 싱가포르리츠,KOSPI
456200,PLUS 미국달러SOFR금리액티브(합성),KOSPI
489010,PLUS 글로벌AI인프라,KOSPI
367740,HANARO Fn5G산업,KOSPI
189400,PLUS 글로벌MSCI(합성 H),KOSPI
481200,SOL 미국테크TOP10인버스(합성),KOSPI
469530,RISE 미국달러선물인버스,KOSPI
610023,메리츠 레버리지 미국채10년 ETN(H),KOSPI
700025,하나 블룸버그 2X 천연가스 선물 ETN(H) B,KOSPI
36328K,티와이홀딩스우,KOSPI
304670,KODEX 미국30년국채울트라선물인버스(H),KOSPI
441330,KIWOOM 차이나A50커넥트MSCI,KOSPI
580033,KB 인버스 2X 구리 선물 ETN(H),KOSPI
391670,HK 베스트일레븐액티브,KOSPI
295000,RISE 국채선물10년,KOSPI
490330,KoAct 미국뇌질환치료제액티브,KOSPI
402460,HANARO Fn K-메타버스MZ,KOSPI
486780,HANARO 200선물레버리지1.5X,KOSPI
000545,흥국화재우,KOSPI
610017,메리츠 인버스 2X 은 선물 ETN(H),KOSPI
550065,N2 인버스 레버리지 은 선물 ETN(H),KOSPI
432600,RISE 국채선물3년,KOSPI
429980,SOL 한국형글로벌전기차&2차전지액티브,KOSPI
304760,HANARO KRX300,KOSPI
459370,SOL 유럽탄소배출권선물인버스ICE(H),KOSPI
700018,하나 인버스 2X 코스닥150 선물 ETN,KOSPI
138920,KODEX 콩선물(H),KOSPI
437370,RISE 글로벌농업경제,KOSPI
140570,RISE 수출주,KOSPI
267450,RISE 미국장기국채선물인버스(H),KOSPI
610062,메리츠 인버스 3X 국채30년 ETN,KOSPI
395750,PLUS ESG가치주액티브,KOSPI
005745,크라운해태홀딩스우,KOSPI
105010,TIGER 라틴35,KOSPI
205720,ACE 일본TOPIX인버스(합성 H),KOSPI
510043,대신 인버스 천연가스 선물 ETN(H) B,KOSPI
219900,ACE 중국본토CSI300레버리지(합성),KOSPI
500057,신한 인버스 2X Russell 2000 ETN,KOSPI
580017,KB 인버스 2X S&P 500 선물 ETN,KOSPI
261920,ACE 필리핀MSCI(합성),KOSPI
280940,KODEX 골드선물인버스(H),KOSPI
291890,KODEX MSCI EM선물(H),KOSPI
397420,RISE 국채선물5년추종,KOSPI
373530,PLUS 신흥국MSCI인버스(합성 H),KOSPI
570023,한투 인버스 2X S&P500 선물 ETN(H),KOSPI
301400,PLUS 코스닥150,KOSPI
0004G0,1Q 미국배당30,KOSPI
450180,KODEX 한중전기차(합성),KOSPI
139240,TIGER 200 철강소재,KOSPI
407170,KCGI 스마트커머스액티브,KOSPI
321410,KODEX 멀티에셋하이인컴(H),KOSPI
244670,KODEX 밸류Plus,KOSPI
427120,RISE 플랫폼테마,KOSPI
373790,KIWOOM 미국방어배당성장나스닥,KOSPI
461580,TIGER 코스닥글로벌,KOSPI
476310,RISE 글로벌비만산업TOP2+,KOSPI
139290,TIGER 200 경기소비재,KOSPI
266390,KODEX 경기소비재,KOSPI
346000,HANARO KAP초장기국고채,KOSPI
407160,KCGI 테크미디어텔레콤액티브,KOSPI
014825,동원시스템즈우,KOSPI
433250,UNICORN R&D 액티브,KOSPI
005965,동부건설우,KOSPI
244660,KODEX 퀄리티Plus,KOSPI
485810,TIMEFOLIO 글로벌안티에이징바이오액티브,KOSPI
487750,BNK 온디바이스AI,KOSPI
004545,깨끗한나라우,KOSPI
486790,HANARO 코스닥150선물레버리지1.5X,KOSPI
226380,ACE Fn성장소비주도주,KOSPI
760010,키움 2차전지산업 ETN,KOSPI
00781K,코리아써키트2우B,KOSPI
252410,RISE 200선물인버스,KOSPI
411050,ACE 글로벌메타버스테크액티브,KOSPI
277650,TIGER 코스피중형주,KOSPI
419170,HANARO 미국메타버스iSelect,KOSPI
580040,KB 인버스 2X KOSPI 200 선물 ETN,KOSPI
253230,KIWOOM 200선물인버스2X,KOSPI
256450,PLUS 심천차이넥스트(합성),KOSPI
014285,금강공업우,KOSPI
253160,PLUS 200선물인버스2X,KOSPI
334690,RISE 팔라듐선물(H),KOSPI
476260,HANARO 반도체핵심공정주도주,KOSPI
291680,RISE 차이나H선물인버스(H),KOSPI
012205,계양전기우,KOSPI
466810,BNK 2차전지양극재,KOSPI
008355,남선알미우,KOSPI
292730,FOCUS KRX300,KOSPI
471290,HANARO CD금리액티브(합성),KOSPI
454180,KIWOOM 차이나내수소비TOP CSI,KOSPI
009415,태영건설우,KOSPI
011155,CJ씨푸드1우,KOSPI
266550,PLUS 중형주저변동50,KOSPI
220130,SOL 차이나강소기업CSI500(합성 H),KOSPI
500051,신한 인버스 2X S&P500 선물 ETN,KOSPI
238670,PLUS 스마트베타Quality채권혼합,KOSPI
476000,UNICORN 포스트IPO액티브,KOSPI
000227,유유제약2우B,KOSPI
002995,금호건설우,KOSPI
580023,KB 인버스 2X 금 선물 ETN(H),KOSPI
520011,미래에셋 인버스 원유선물혼합 ETN(H),KOSPI
413220,SOL 차이나태양광CSI(합성),KOSPI
243890,TIGER 200에너지화학레버리지,KOSPI
482030,KoAct 테크핵심소재공급망액티브,KOSPI
291620,KIWOOM 코스닥150선물인버스,KOSPI
760011,키움 레버리지 2차전지산업 ETN,KOSPI
483030,KIWOOM 미국블록버스터바이오테크의약품+,KOSPI
488210,KIWOOM K-반도체북미공급망,KOSPI
500030,신한 인버스 2X 은 선물 ETN(H),KOSPI
002785,진흥기업우B,KOSPI
306520,HANARO 200선물인버스,KOSPI
253240,KIWOOM 200선물인버스,KOSPI
426330,KIWOOM 미국ETF산업STOXX,KOSPI
407300,HANARO Fn골프테마,KOSPI
098560,TIGER 방송통신,KOSPI
014915,성문전자우,KOSPI
580027,KB 인버스 2X 은 선물 ETN(H),KOSPI
004415,서울식품우,KOSPI
261060,TIGER 코스닥150IT,KOSPI
433860,PLUS TDF2040액티브,KOSPI
001525,동양우,KOSPI
433870,PLUS TDF2050액티브,KOSPI
334700,RISE 팔라듐선물인버스(H),KOSPI
291630,KIWOOM 코스닥150선물레버리지,KOSPI
415920,PLUS 글로벌희토류&전략자원생산기업,KOSPI
001527,동양2우B,KOSPI
465620,ACE 미국빅테크TOP7 Plus인버스(합성),KOSPI
433850,PLUS TDF2030액티브,KOSPI
306530,HANARO 코스닥150선물레버리지,KOSPI
314700,HANARO 농업융복합산업,KOSPI
002787,진흥기업2우B,KOSPI
145670,ACE 인버스,KOSPI
550045,N2 인버스 레버리지 S&P500 ETN,KOSPI
139310,TIGER 금속선물(H),KOSPI
470310,UNICORN 생성형AI강소기업액티브,KOSPI
275750,RISE 코스닥150선물인버스,KOSPI
252000,TIGER 200동일가중,KOSPI
500038,신한 인버스 2X 금 선물 ETN,KOSPI
227550,TIGER 200 산업재,KOSPI
280920,PLUS 주도업종,KOSPI
472490,HANARO 미국애그테크,KOSPI
412560,TIGER BBIG레버리지,KOSPI
407310,HANARO 200 TOP10,KOSPI
301410,PLUS 코스닥150선물인버스,KOSPI
432850,HANARO 글로벌백신치료제MSCI,KOSPI
